Dataset,Model,Metric,Threshold,Proportion,Value
1,synthpop,precision,0.1,0.2,0.0
1,synthpop,precision,0.1,0.3,0.0
1,synthpop,precision,0.1,0.4,0.0
1,synthpop,precision,0.1,0.5,0.0
1,synthpop,precision,0.1,0.6,0.0
1,synthpop,precision,0.1,0.7,0.0
1,synthpop,precision,0.1,0.8,0.0
1,synthpop,precision,0.1,0.9,0.0
1,synthpop,precision,0.1,1.0,0.0
1,synthpop,precision,0.2,0.2,0.0
1,synthpop,precision,0.2,0.3,0.0
1,synthpop,precision,0.2,0.4,0.0
1,synthpop,precision,0.2,0.5,0.0
1,synthpop,precision,0.2,0.6,0.0
1,synthpop,precision,0.2,0.7,0.0
1,synthpop,precision,0.2,0.8,0.33
1,synthpop,precision,0.2,0.9,0.5
1,synthpop,precision,0.2,1.0,0.38
1,synthpop,precision,0.3,0.2,0.62
1,synthpop,precision,0.3,0.3,0.7
1,synthpop,precision,0.3,0.4,0.6
1,synthpop,precision,0.3,0.5,0.64
1,synthpop,precision,0.3,0.6,0.64
1,synthpop,precision,0.3,0.7,0.62
1,synthpop,precision,0.3,0.8,0.62
1,synthpop,precision,0.3,0.9,0.61
1,synthpop,precision,0.3,1.0,0.59
1,synthpop,precision,0.4,0.2,0.54
1,synthpop,precision,0.4,0.3,0.64
1,synthpop,precision,0.4,0.4,0.6
1,synthpop,precision,0.4,0.5,0.57
1,synthpop,precision,0.4,0.6,0.54
1,synthpop,precision,0.4,0.7,0.56
1,synthpop,precision,0.4,0.8,0.56
1,synthpop,precision,0.4,0.9,0.57
1,synthpop,precision,0.4,1.0,0.57
1,synthpop,accuracy,0.1,0.2,0.44
1,synthpop,accuracy,0.1,0.3,0.42
1,synthpop,accuracy,0.1,0.4,0.4
1,synthpop,accuracy,0.1,0.5,0.4
1,synthpop,accuracy,0.1,0.6,0.41
1,synthpop,accuracy,0.1,0.7,0.4
1,synthpop,accuracy,0.1,0.8,0.4
1,synthpop,accuracy,0.1,0.9,0.4
1,synthpop,accuracy,0.1,1.0,0.4
1,synthpop,accuracy,0.2,0.2,0.44
1,synthpop,accuracy,0.2,0.3,0.42
1,synthpop,accuracy,0.2,0.4,0.4
1,synthpop,accuracy,0.2,0.5,0.4
1,synthpop,accuracy,0.2,0.6,0.41
1,synthpop,accuracy,0.2,0.7,0.4
1,synthpop,accuracy,0.2,0.8,0.4
1,synthpop,accuracy,0.2,0.9,0.4
1,synthpop,accuracy,0.2,1.0,0.4
1,synthpop,accuracy,0.3,0.2,0.46
1,synthpop,accuracy,0.3,0.3,0.45
1,synthpop,accuracy,0.3,0.4,0.42
1,synthpop,accuracy,0.3,0.5,0.43
1,synthpop,accuracy,0.3,0.6,0.46
1,synthpop,accuracy,0.3,0.7,0.45
1,synthpop,accuracy,0.3,0.8,0.44
1,synthpop,accuracy,0.3,0.9,0.44
1,synthpop,accuracy,0.3,1.0,0.44
1,synthpop,accuracy,0.4,0.2,0.47
1,synthpop,accuracy,0.4,0.3,0.53
1,synthpop,accuracy,0.4,0.4,0.48
1,synthpop,accuracy,0.4,0.5,0.46
1,synthpop,accuracy,0.4,0.6,0.45
1,synthpop,accuracy,0.4,0.7,0.46
1,synthpop,accuracy,0.4,0.8,0.47
1,synthpop,accuracy,0.4,0.9,0.47
1,synthpop,accuracy,0.4,1.0,0.48
1,ds,precision,0.1,0.2,0.0
1,ds,precision,0.1,0.3,0.0
1,ds,precision,0.1,0.4,0.0
1,ds,precision,0.1,0.5,0.0
1,ds,precision,0.1,0.6,0.0
1,ds,precision,0.1,0.7,0.0
1,ds,precision,0.1,0.8,0.0
1,ds,precision,0.1,0.9,0.0
1,ds,precision,0.1,1.0,0.0
1,ds,precision,0.2,0.2,0.0
1,ds,precision,0.2,0.3,0.0
1,ds,precision,0.2,0.4,0.0
1,ds,precision,0.2,0.5,0.0
1,ds,precision,0.2,0.6,0.0
1,ds,precision,0.2,0.7,0.0
1,ds,precision,0.2,0.8,0.0
1,ds,precision,0.2,0.9,0.0
1,ds,precision,0.2,1.0,0.0
1,ds,precision,0.3,0.2,0.0
1,ds,precision,0.3,0.3,0.0
1,ds,precision,0.3,0.4,0.0
1,ds,precision,0.3,0.5,0.0
1,ds,precision,0.3,0.6,0.0
1,ds,precision,0.3,0.7,0.0
1,ds,precision,0.3,0.8,0.0
1,ds,precision,0.3,0.9,0.0
1,ds,precision,0.3,1.0,0.0
1,ds,precision,0.4,0.2,0.0
1,ds,precision,0.4,0.3,0.0
1,ds,precision,0.4,0.4,0.0
1,ds,precision,0.4,0.5,0.0
1,ds,precision,0.4,0.6,0.0
1,ds,precision,0.4,0.7,0.0
1,ds,precision,0.4,0.8,1.0
1,ds,precision,0.4,0.9,1.0
1,ds,precision,0.4,1.0,1.0
1,ds,accuracy,0.1,0.2,0.44
1,ds,accuracy,0.1,0.3,0.42
1,ds,accuracy,0.1,0.4,0.4
1,ds,accuracy,0.1,0.5,0.4
1,ds,accuracy,0.1,0.6,0.41
1,ds,accuracy,0.1,0.7,0.4
1,ds,accuracy,0.1,0.8,0.4
1,ds,accuracy,0.1,0.9,0.4
1,ds,accuracy,0.1,1.0,0.4
1,ds,accuracy,0.2,0.2,0.44
1,ds,accuracy,0.2,0.3,0.42
1,ds,accuracy,0.2,0.4,0.4
1,ds,accuracy,0.2,0.5,0.4
1,ds,accuracy,0.2,0.6,0.41
1,ds,accuracy,0.2,0.7,0.4
1,ds,accuracy,0.2,0.8,0.4
1,ds,accuracy,0.2,0.9,0.4
1,ds,accuracy,0.2,1.0,0.4
1,ds,accuracy,0.3,0.2,0.44
1,ds,accuracy,0.3,0.3,0.42
1,ds,accuracy,0.3,0.4,0.4
1,ds,accuracy,0.3,0.5,0.4
1,ds,accuracy,0.3,0.6,0.41
1,ds,accuracy,0.3,0.7,0.4
1,ds,accuracy,0.3,0.8,0.4
1,ds,accuracy,0.3,0.9,0.4
1,ds,accuracy,0.3,1.0,0.4
1,ds,accuracy,0.4,0.2,0.44
1,ds,accuracy,0.4,0.3,0.42
1,ds,accuracy,0.4,0.4,0.4
1,ds,accuracy,0.4,0.5,0.4
1,ds,accuracy,0.4,0.6,0.41
1,ds,accuracy,0.4,0.7,0.4
1,ds,accuracy,0.4,0.8,0.4
1,ds,accuracy,0.4,0.9,0.41
1,ds,accuracy,0.4,1.0,0.41
1,tvae,precision,0.1,0.2,0.0
1,tvae,precision,0.1,0.3,0.0
1,tvae,precision,0.1,0.4,0.0
1,tvae,precision,0.1,0.5,0.0
1,tvae,precision,0.1,0.6,0.0
1,tvae,precision,0.1,0.7,0.0
1,tvae,precision,0.1,0.8,0.0
1,tvae,precision,0.1,0.9,0.0
1,tvae,precision,0.1,1.0,0.0
1,tvae,precision,0.2,0.2,0.0
1,tvae,precision,0.2,0.3,0.0
1,tvae,precision,0.2,0.4,0.0
1,tvae,precision,0.2,0.5,0.0
1,tvae,precision,0.2,0.6,0.0
1,tvae,precision,0.2,0.7,0.0
1,tvae,precision,0.2,0.8,0.0
1,tvae,precision,0.2,0.9,0.0
1,tvae,precision,0.2,1.0,0.0
1,tvae,precision,0.3,0.2,0.0
1,tvae,precision,0.3,0.3,0.0
1,tvae,precision,0.3,0.4,0.0
1,tvae,precision,0.3,0.5,0.0
1,tvae,precision,0.3,0.6,0.0
1,tvae,precision,0.3,0.7,0.0
1,tvae,precision,0.3,0.8,0.0
1,tvae,precision,0.3,0.9,0.0
1,tvae,precision,0.3,1.0,0.0
1,tvae,precision,0.4,0.2,0.33
1,tvae,precision,0.4,0.3,0.25
1,tvae,precision,0.4,0.4,0.25
1,tvae,precision,0.4,0.5,0.33
1,tvae,precision,0.4,0.6,0.33
1,tvae,precision,0.4,0.7,0.33
1,tvae,precision,0.4,0.8,0.33
1,tvae,precision,0.4,0.9,0.25
1,tvae,precision,0.4,1.0,0.25
1,tvae,accuracy,0.1,0.2,0.44
1,tvae,accuracy,0.1,0.3,0.42
1,tvae,accuracy,0.1,0.4,0.4
1,tvae,accuracy,0.1,0.5,0.4
1,tvae,accuracy,0.1,0.6,0.41
1,tvae,accuracy,0.1,0.7,0.4
1,tvae,accuracy,0.1,0.8,0.4
1,tvae,accuracy,0.1,0.9,0.4
1,tvae,accuracy,0.1,1.0,0.4
1,tvae,accuracy,0.2,0.2,0.44
1,tvae,accuracy,0.2,0.3,0.42
1,tvae,accuracy,0.2,0.4,0.4
1,tvae,accuracy,0.2,0.5,0.4
1,tvae,accuracy,0.2,0.6,0.41
1,tvae,accuracy,0.2,0.7,0.4
1,tvae,accuracy,0.2,0.8,0.4
1,tvae,accuracy,0.2,0.9,0.4
1,tvae,accuracy,0.2,1.0,0.4
1,tvae,accuracy,0.3,0.2,0.44
1,tvae,accuracy,0.3,0.3,0.42
1,tvae,accuracy,0.3,0.4,0.4
1,tvae,accuracy,0.3,0.5,0.4
1,tvae,accuracy,0.3,0.6,0.41
1,tvae,accuracy,0.3,0.7,0.4
1,tvae,accuracy,0.3,0.8,0.4
1,tvae,accuracy,0.3,0.9,0.4
1,tvae,accuracy,0.3,1.0,0.4
1,tvae,accuracy,0.4,0.2,0.43
1,tvae,accuracy,0.4,0.3,0.41
1,tvae,accuracy,0.4,0.4,0.39
1,tvae,accuracy,0.4,0.5,0.39
1,tvae,accuracy,0.4,0.6,0.41
1,tvae,accuracy,0.4,0.7,0.4
1,tvae,accuracy,0.4,0.8,0.39
1,tvae,accuracy,0.4,0.9,0.39
1,tvae,accuracy,0.4,1.0,0.39
1,gaussian_copula,precision,0.1,0.2,0.0
1,gaussian_copula,precision,0.1,0.3,0.0
1,gaussian_copula,precision,0.1,0.4,0.0
1,gaussian_copula,precision,0.1,0.5,0.0
1,gaussian_copula,precision,0.1,0.6,0.0
1,gaussian_copula,precision,0.1,0.7,0.0
1,gaussian_copula,precision,0.1,0.8,0.0
1,gaussian_copula,precision,0.1,0.9,0.0
1,gaussian_copula,precision,0.1,1.0,0.0
1,gaussian_copula,precision,0.2,0.2,0.0
1,gaussian_copula,precision,0.2,0.3,0.0
1,gaussian_copula,precision,0.2,0.4,0.0
1,gaussian_copula,precision,0.2,0.5,0.0
1,gaussian_copula,precision,0.2,0.6,0.0
1,gaussian_copula,precision,0.2,0.7,0.0
1,gaussian_copula,precision,0.2,0.8,0.0
1,gaussian_copula,precision,0.2,0.9,0.0
1,gaussian_copula,precision,0.2,1.0,0.0
1,gaussian_copula,precision,0.3,0.2,0.83
1,gaussian_copula,precision,0.3,0.3,0.88
1,gaussian_copula,precision,0.3,0.4,0.82
1,gaussian_copula,precision,0.3,0.5,0.86
1,gaussian_copula,precision,0.3,0.6,0.71
1,gaussian_copula,precision,0.3,0.7,0.74
1,gaussian_copula,precision,0.3,0.8,0.73
1,gaussian_copula,precision,0.3,0.9,0.72
1,gaussian_copula,precision,0.3,1.0,0.76
1,gaussian_copula,precision,0.4,0.2,0.61
1,gaussian_copula,precision,0.4,0.3,0.61
1,gaussian_copula,precision,0.4,0.4,0.64
1,gaussian_copula,precision,0.4,0.5,0.65
1,gaussian_copula,precision,0.4,0.6,0.64
1,gaussian_copula,precision,0.4,0.7,0.65
1,gaussian_copula,precision,0.4,0.8,0.67
1,gaussian_copula,precision,0.4,0.9,0.66
1,gaussian_copula,precision,0.4,1.0,0.67
1,gaussian_copula,accuracy,0.1,0.2,0.44
1,gaussian_copula,accuracy,0.1,0.3,0.42
1,gaussian_copula,accuracy,0.1,0.4,0.4
1,gaussian_copula,accuracy,0.1,0.5,0.4
1,gaussian_copula,accuracy,0.1,0.6,0.41
1,gaussian_copula,accuracy,0.1,0.7,0.4
1,gaussian_copula,accuracy,0.1,0.8,0.4
1,gaussian_copula,accuracy,0.1,0.9,0.4
1,gaussian_copula,accuracy,0.1,1.0,0.4
1,gaussian_copula,accuracy,0.2,0.2,0.44
1,gaussian_copula,accuracy,0.2,0.3,0.42
1,gaussian_copula,accuracy,0.2,0.4,0.4
1,gaussian_copula,accuracy,0.2,0.5,0.4
1,gaussian_copula,accuracy,0.2,0.6,0.41
1,gaussian_copula,accuracy,0.2,0.7,0.4
1,gaussian_copula,accuracy,0.2,0.8,0.4
1,gaussian_copula,accuracy,0.2,0.9,0.4
1,gaussian_copula,accuracy,0.2,1.0,0.4
1,gaussian_copula,accuracy,0.3,0.2,0.48
1,gaussian_copula,accuracy,0.3,0.3,0.47
1,gaussian_copula,accuracy,0.3,0.4,0.44
1,gaussian_copula,accuracy,0.3,0.5,0.44
1,gaussian_copula,accuracy,0.3,0.6,0.44
1,gaussian_copula,accuracy,0.3,0.7,0.43
1,gaussian_copula,accuracy,0.3,0.8,0.43
1,gaussian_copula,accuracy,0.3,0.9,0.43
1,gaussian_copula,accuracy,0.3,1.0,0.44
1,gaussian_copula,accuracy,0.4,0.2,0.5
1,gaussian_copula,accuracy,0.4,0.3,0.49
1,gaussian_copula,accuracy,0.4,0.4,0.49
1,gaussian_copula,accuracy,0.4,0.5,0.5
1,gaussian_copula,accuracy,0.4,0.6,0.51
1,gaussian_copula,accuracy,0.4,0.7,0.5
1,gaussian_copula,accuracy,0.4,0.8,0.51
1,gaussian_copula,accuracy,0.4,0.9,0.51
1,gaussian_copula,accuracy,0.4,1.0,0.51
1,copula_gan,precision,0.1,0.2,0.0
1,copula_gan,precision,0.1,0.3,0.0
1,copula_gan,precision,0.1,0.4,0.0
1,copula_gan,precision,0.1,0.5,0.0
1,copula_gan,precision,0.1,0.6,0.0
1,copula_gan,precision,0.1,0.7,0.0
1,copula_gan,precision,0.1,0.8,0.0
1,copula_gan,precision,0.1,0.9,0.0
1,copula_gan,precision,0.1,1.0,0.0
1,copula_gan,precision,0.2,0.2,0.0
1,copula_gan,precision,0.2,0.3,0.0
1,copula_gan,precision,0.2,0.4,0.0
1,copula_gan,precision,0.2,0.5,0.0
1,copula_gan,precision,0.2,0.6,0.0
1,copula_gan,precision,0.2,0.7,0.0
1,copula_gan,precision,0.2,0.8,0.0
1,copula_gan,precision,0.2,0.9,0.0
1,copula_gan,precision,0.2,1.0,0.0
1,copula_gan,precision,0.3,0.2,0.0
1,copula_gan,precision,0.3,0.3,0.0
1,copula_gan,precision,0.3,0.4,0.33
1,copula_gan,precision,0.3,0.5,0.4
1,copula_gan,precision,0.3,0.6,0.57
1,copula_gan,precision,0.3,0.7,0.57
1,copula_gan,precision,0.3,0.8,0.57
1,copula_gan,precision,0.3,0.9,0.67
1,copula_gan,precision,0.3,1.0,0.73
1,copula_gan,precision,0.4,0.2,0.62
1,copula_gan,precision,0.4,0.3,0.56
1,copula_gan,precision,0.4,0.4,0.56
1,copula_gan,precision,0.4,0.5,0.56
1,copula_gan,precision,0.4,0.6,0.53
1,copula_gan,precision,0.4,0.7,0.55
1,copula_gan,precision,0.4,0.8,0.54
1,copula_gan,precision,0.4,0.9,0.55
1,copula_gan,precision,0.4,1.0,0.59
1,copula_gan,accuracy,0.1,0.2,0.44
1,copula_gan,accuracy,0.1,0.3,0.42
1,copula_gan,accuracy,0.1,0.4,0.4
1,copula_gan,accuracy,0.1,0.5,0.4
1,copula_gan,accuracy,0.1,0.6,0.41
1,copula_gan,accuracy,0.1,0.7,0.4
1,copula_gan,accuracy,0.1,0.8,0.4
1,copula_gan,accuracy,0.1,0.9,0.4
1,copula_gan,accuracy,0.1,1.0,0.4
1,copula_gan,accuracy,0.2,0.2,0.44
1,copula_gan,accuracy,0.2,0.3,0.42
1,copula_gan,accuracy,0.2,0.4,0.4
1,copula_gan,accuracy,0.2,0.5,0.4
1,copula_gan,accuracy,0.2,0.6,0.41
1,copula_gan,accuracy,0.2,0.7,0.4
1,copula_gan,accuracy,0.2,0.8,0.4
1,copula_gan,accuracy,0.2,0.9,0.4
1,copula_gan,accuracy,0.2,1.0,0.4
1,copula_gan,accuracy,0.3,0.2,0.43
1,copula_gan,accuracy,0.3,0.3,0.42
1,copula_gan,accuracy,0.3,0.4,0.4
1,copula_gan,accuracy,0.3,0.5,0.4
1,copula_gan,accuracy,0.3,0.6,0.42
1,copula_gan,accuracy,0.3,0.7,0.4
1,copula_gan,accuracy,0.3,0.8,0.4
1,copula_gan,accuracy,0.3,0.9,0.41
1,copula_gan,accuracy,0.3,1.0,0.41
1,copula_gan,accuracy,0.4,0.2,0.48
1,copula_gan,accuracy,0.4,0.3,0.44
1,copula_gan,accuracy,0.4,0.4,0.43
1,copula_gan,accuracy,0.4,0.5,0.42
1,copula_gan,accuracy,0.4,0.6,0.43
1,copula_gan,accuracy,0.4,0.7,0.42
1,copula_gan,accuracy,0.4,0.8,0.42
1,copula_gan,accuracy,0.4,0.9,0.42
1,copula_gan,accuracy,0.4,1.0,0.44
1,ctgan,precision,0.1,0.2,0.0
1,ctgan,precision,0.1,0.3,0.0
1,ctgan,precision,0.1,0.4,0.0
1,ctgan,precision,0.1,0.5,0.0
1,ctgan,precision,0.1,0.6,0.0
1,ctgan,precision,0.1,0.7,0.0
1,ctgan,precision,0.1,0.8,0.0
1,ctgan,precision,0.1,0.9,0.0
1,ctgan,precision,0.1,1.0,0.0
1,ctgan,precision,0.2,0.2,0.0
1,ctgan,precision,0.2,0.3,0.0
1,ctgan,precision,0.2,0.4,0.0
1,ctgan,precision,0.2,0.5,0.0
1,ctgan,precision,0.2,0.6,0.0
1,ctgan,precision,0.2,0.7,0.0
1,ctgan,precision,0.2,0.8,0.0
1,ctgan,precision,0.2,0.9,0.0
1,ctgan,precision,0.2,1.0,0.0
1,ctgan,precision,0.3,0.2,0.0
1,ctgan,precision,0.3,0.3,0.0
1,ctgan,precision,0.3,0.4,0.5
1,ctgan,precision,0.3,0.5,0.43
1,ctgan,precision,0.3,0.6,0.38
1,ctgan,precision,0.3,0.7,0.3
1,ctgan,precision,0.3,0.8,0.36
1,ctgan,precision,0.3,0.9,0.33
1,ctgan,precision,0.3,1.0,0.36
1,ctgan,precision,0.4,0.2,0.84
1,ctgan,precision,0.4,0.3,0.78
1,ctgan,precision,0.4,0.4,0.71
1,ctgan,precision,0.4,0.5,0.67
1,ctgan,precision,0.4,0.6,0.62
1,ctgan,precision,0.4,0.7,0.64
1,ctgan,precision,0.4,0.8,0.63
1,ctgan,precision,0.4,0.9,0.63
1,ctgan,precision,0.4,1.0,0.62
1,ctgan,accuracy,0.1,0.2,0.44
1,ctgan,accuracy,0.1,0.3,0.42
1,ctgan,accuracy,0.1,0.4,0.4
1,ctgan,accuracy,0.1,0.5,0.4
1,ctgan,accuracy,0.1,0.6,0.41
1,ctgan,accuracy,0.1,0.7,0.4
1,ctgan,accuracy,0.1,0.8,0.4
1,ctgan,accuracy,0.1,0.9,0.4
1,ctgan,accuracy,0.1,1.0,0.4
1,ctgan,accuracy,0.2,0.2,0.44
1,ctgan,accuracy,0.2,0.3,0.42
1,ctgan,accuracy,0.2,0.4,0.4
1,ctgan,accuracy,0.2,0.5,0.4
1,ctgan,accuracy,0.2,0.6,0.41
1,ctgan,accuracy,0.2,0.7,0.4
1,ctgan,accuracy,0.2,0.8,0.4
1,ctgan,accuracy,0.2,0.9,0.4
1,ctgan,accuracy,0.2,1.0,0.4
1,ctgan,accuracy,0.3,0.2,0.44
1,ctgan,accuracy,0.3,0.3,0.42
1,ctgan,accuracy,0.3,0.4,0.4
1,ctgan,accuracy,0.3,0.5,0.4
1,ctgan,accuracy,0.3,0.6,0.41
1,ctgan,accuracy,0.3,0.7,0.39
1,ctgan,accuracy,0.3,0.8,0.39
1,ctgan,accuracy,0.3,0.9,0.39
1,ctgan,accuracy,0.3,1.0,0.39
1,ctgan,accuracy,0.4,0.2,0.57
1,ctgan,accuracy,0.4,0.3,0.53
1,ctgan,accuracy,0.4,0.4,0.48
1,ctgan,accuracy,0.4,0.5,0.47
1,ctgan,accuracy,0.4,0.6,0.46
1,ctgan,accuracy,0.4,0.7,0.46
1,ctgan,accuracy,0.4,0.8,0.45
1,ctgan,accuracy,0.4,0.9,0.45
1,ctgan,accuracy,0.4,1.0,0.45
2,synthpop,precision,0.1,0.2,0.0
2,synthpop,precision,0.1,0.3,0.0
2,synthpop,precision,0.1,0.4,1.0
2,synthpop,precision,0.1,0.5,0.5
2,synthpop,precision,0.1,0.6,0.67
2,synthpop,precision,0.1,0.7,0.67
2,synthpop,precision,0.1,0.8,0.5
2,synthpop,precision,0.1,0.9,0.6
2,synthpop,precision,0.1,1.0,0.64
2,synthpop,precision,0.2,0.2,0.8
2,synthpop,precision,0.2,0.3,0.8
2,synthpop,precision,0.2,0.4,0.81
2,synthpop,precision,0.2,0.5,0.77
2,synthpop,precision,0.2,0.6,0.79
2,synthpop,precision,0.2,0.7,0.75
2,synthpop,precision,0.2,0.8,0.71
2,synthpop,precision,0.2,0.9,0.71
2,synthpop,precision,0.2,1.0,0.74
2,synthpop,precision,0.3,0.2,0.75
2,synthpop,precision,0.3,0.3,0.72
2,synthpop,precision,0.3,0.4,0.74
2,synthpop,precision,0.3,0.5,0.76
2,synthpop,precision,0.3,0.6,0.76
2,synthpop,precision,0.3,0.7,0.73
2,synthpop,precision,0.3,0.8,0.72
2,synthpop,precision,0.3,0.9,0.71
2,synthpop,precision,0.3,1.0,0.72
2,synthpop,precision,0.4,0.2,0.73
2,synthpop,precision,0.4,0.3,0.72
2,synthpop,precision,0.4,0.4,0.72
2,synthpop,precision,0.4,0.5,0.74
2,synthpop,precision,0.4,0.6,0.74
2,synthpop,precision,0.4,0.7,0.72
2,synthpop,precision,0.4,0.8,0.7
2,synthpop,precision,0.4,0.9,0.7
2,synthpop,precision,0.4,1.0,0.7
2,synthpop,accuracy,0.1,0.2,0.28
2,synthpop,accuracy,0.1,0.3,0.29
2,synthpop,accuracy,0.1,0.4,0.28
2,synthpop,accuracy,0.1,0.5,0.27
2,synthpop,accuracy,0.1,0.6,0.27
2,synthpop,accuracy,0.1,0.7,0.29
2,synthpop,accuracy,0.1,0.8,0.3
2,synthpop,accuracy,0.1,0.9,0.31
2,synthpop,accuracy,0.1,1.0,0.3
2,synthpop,accuracy,0.2,0.2,0.3
2,synthpop,accuracy,0.2,0.3,0.3
2,synthpop,accuracy,0.2,0.4,0.31
2,synthpop,accuracy,0.2,0.5,0.3
2,synthpop,accuracy,0.2,0.6,0.32
2,synthpop,accuracy,0.2,0.7,0.33
2,synthpop,accuracy,0.2,0.8,0.34
2,synthpop,accuracy,0.2,0.9,0.35
2,synthpop,accuracy,0.2,1.0,0.35
2,synthpop,accuracy,0.3,0.2,0.44
2,synthpop,accuracy,0.3,0.3,0.43
2,synthpop,accuracy,0.3,0.4,0.47
2,synthpop,accuracy,0.3,0.5,0.5
2,synthpop,accuracy,0.3,0.6,0.52
2,synthpop,accuracy,0.3,0.7,0.52
2,synthpop,accuracy,0.3,0.8,0.52
2,synthpop,accuracy,0.3,0.9,0.53
2,synthpop,accuracy,0.3,1.0,0.54
2,synthpop,accuracy,0.4,0.2,0.72
2,synthpop,accuracy,0.4,0.3,0.71
2,synthpop,accuracy,0.4,0.4,0.72
2,synthpop,accuracy,0.4,0.5,0.73
2,synthpop,accuracy,0.4,0.6,0.73
2,synthpop,accuracy,0.4,0.7,0.71
2,synthpop,accuracy,0.4,0.8,0.7
2,synthpop,accuracy,0.4,0.9,0.7
2,synthpop,accuracy,0.4,1.0,0.7
2,ds,precision,0.1,0.2,0.0
2,ds,precision,0.1,0.3,0.0
2,ds,precision,0.1,0.4,0.0
2,ds,precision,0.1,0.5,0.0
2,ds,precision,0.1,0.6,0.0
2,ds,precision,0.1,0.7,0.0
2,ds,precision,0.1,0.8,0.0
2,ds,precision,0.1,0.9,0.0
2,ds,precision,0.1,1.0,0.0
2,ds,precision,0.2,0.2,0.0
2,ds,precision,0.2,0.3,1.0
2,ds,precision,0.2,0.4,1.0
2,ds,precision,0.2,0.5,1.0
2,ds,precision,0.2,0.6,1.0
2,ds,precision,0.2,0.7,1.0
2,ds,precision,0.2,0.8,1.0
2,ds,precision,0.2,0.9,1.0
2,ds,precision,0.2,1.0,1.0
2,ds,precision,0.3,0.2,0.64
2,ds,precision,0.3,0.3,0.61
2,ds,precision,0.3,0.4,0.63
2,ds,precision,0.3,0.5,0.65
2,ds,precision,0.3,0.6,0.69
2,ds,precision,0.3,0.7,0.67
2,ds,precision,0.3,0.8,0.65
2,ds,precision,0.3,0.9,0.67
2,ds,precision,0.3,1.0,0.65
2,ds,precision,0.4,0.2,0.72
2,ds,precision,0.4,0.3,0.71
2,ds,precision,0.4,0.4,0.72
2,ds,precision,0.4,0.5,0.74
2,ds,precision,0.4,0.6,0.74
2,ds,precision,0.4,0.7,0.72
2,ds,precision,0.4,0.8,0.7
2,ds,precision,0.4,0.9,0.7
2,ds,precision,0.4,1.0,0.7
2,ds,accuracy,0.1,0.2,0.28
2,ds,accuracy,0.1,0.3,0.29
2,ds,accuracy,0.1,0.4,0.28
2,ds,accuracy,0.1,0.5,0.27
2,ds,accuracy,0.1,0.6,0.27
2,ds,accuracy,0.1,0.7,0.28
2,ds,accuracy,0.1,0.8,0.3
2,ds,accuracy,0.1,0.9,0.3
2,ds,accuracy,0.1,1.0,0.3
2,ds,accuracy,0.2,0.2,0.28
2,ds,accuracy,0.2,0.3,0.29
2,ds,accuracy,0.2,0.4,0.28
2,ds,accuracy,0.2,0.5,0.27
2,ds,accuracy,0.2,0.6,0.27
2,ds,accuracy,0.2,0.7,0.29
2,ds,accuracy,0.2,0.8,0.3
2,ds,accuracy,0.2,0.9,0.31
2,ds,accuracy,0.2,1.0,0.3
2,ds,accuracy,0.3,0.2,0.32
2,ds,accuracy,0.3,0.3,0.31
2,ds,accuracy,0.3,0.4,0.31
2,ds,accuracy,0.3,0.5,0.3
2,ds,accuracy,0.3,0.6,0.31
2,ds,accuracy,0.3,0.7,0.32
2,ds,accuracy,0.3,0.8,0.33
2,ds,accuracy,0.3,0.9,0.34
2,ds,accuracy,0.3,1.0,0.33
2,ds,accuracy,0.4,0.2,0.71
2,ds,accuracy,0.4,0.3,0.7
2,ds,accuracy,0.4,0.4,0.71
2,ds,accuracy,0.4,0.5,0.73
2,ds,accuracy,0.4,0.6,0.72
2,ds,accuracy,0.4,0.7,0.7
2,ds,accuracy,0.4,0.8,0.69
2,ds,accuracy,0.4,0.9,0.69
2,ds,accuracy,0.4,1.0,0.69
2,tvae,precision,0.1,0.2,0.0
2,tvae,precision,0.1,0.3,0.0
2,tvae,precision,0.1,0.4,0.0
2,tvae,precision,0.1,0.5,0.0
2,tvae,precision,0.1,0.6,0.0
2,tvae,precision,0.1,0.7,0.0
2,tvae,precision,0.1,0.8,0.0
2,tvae,precision,0.1,0.9,0.0
2,tvae,precision,0.1,1.0,0.0
2,tvae,precision,0.2,0.2,1.0
2,tvae,precision,0.2,0.3,1.0
2,tvae,precision,0.2,0.4,1.0
2,tvae,precision,0.2,0.5,0.8
2,tvae,precision,0.2,0.6,0.8
2,tvae,precision,0.2,0.7,0.8
2,tvae,precision,0.2,0.8,0.8
2,tvae,precision,0.2,0.9,0.57
2,tvae,precision,0.2,1.0,0.57
2,tvae,precision,0.3,0.2,0.76
2,tvae,precision,0.3,0.3,0.77
2,tvae,precision,0.3,0.4,0.75
2,tvae,precision,0.3,0.5,0.77
2,tvae,precision,0.3,0.6,0.77
2,tvae,precision,0.3,0.7,0.75
2,tvae,precision,0.3,0.8,0.74
2,tvae,precision,0.3,0.9,0.71
2,tvae,precision,0.3,1.0,0.71
2,tvae,precision,0.4,0.2,0.69
2,tvae,precision,0.4,0.3,0.7
2,tvae,precision,0.4,0.4,0.73
2,tvae,precision,0.4,0.5,0.75
2,tvae,precision,0.4,0.6,0.75
2,tvae,precision,0.4,0.7,0.73
2,tvae,precision,0.4,0.8,0.71
2,tvae,precision,0.4,0.9,0.7
2,tvae,precision,0.4,1.0,0.71
2,tvae,accuracy,0.1,0.2,0.28
2,tvae,accuracy,0.1,0.3,0.29
2,tvae,accuracy,0.1,0.4,0.28
2,tvae,accuracy,0.1,0.5,0.27
2,tvae,accuracy,0.1,0.6,0.27
2,tvae,accuracy,0.1,0.7,0.28
2,tvae,accuracy,0.1,0.8,0.3
2,tvae,accuracy,0.1,0.9,0.3
2,tvae,accuracy,0.1,1.0,0.3
2,tvae,accuracy,0.2,0.2,0.29
2,tvae,accuracy,0.2,0.3,0.3
2,tvae,accuracy,0.2,0.4,0.29
2,tvae,accuracy,0.2,0.5,0.27
2,tvae,accuracy,0.2,0.6,0.27
2,tvae,accuracy,0.2,0.7,0.29
2,tvae,accuracy,0.2,0.8,0.3
2,tvae,accuracy,0.2,0.9,0.31
2,tvae,accuracy,0.2,1.0,0.3
2,tvae,accuracy,0.3,0.2,0.34
2,tvae,accuracy,0.3,0.3,0.37
2,tvae,accuracy,0.3,0.4,0.35
2,tvae,accuracy,0.3,0.5,0.35
2,tvae,accuracy,0.3,0.6,0.36
2,tvae,accuracy,0.3,0.7,0.37
2,tvae,accuracy,0.3,0.8,0.38
2,tvae,accuracy,0.3,0.9,0.37
2,tvae,accuracy,0.3,1.0,0.37
2,tvae,accuracy,0.4,0.2,0.52
2,tvae,accuracy,0.4,0.3,0.54
2,tvae,accuracy,0.4,0.4,0.57
2,tvae,accuracy,0.4,0.5,0.58
2,tvae,accuracy,0.4,0.6,0.58
2,tvae,accuracy,0.4,0.7,0.57
2,tvae,accuracy,0.4,0.8,0.56
2,tvae,accuracy,0.4,0.9,0.56
2,tvae,accuracy,0.4,1.0,0.56
2,gaussian_copula,precision,0.1,0.2,0.0
2,gaussian_copula,precision,0.1,0.3,0.0
2,gaussian_copula,precision,0.1,0.4,0.0
2,gaussian_copula,precision,0.1,0.5,0.0
2,gaussian_copula,precision,0.1,0.6,0.0
2,gaussian_copula,precision,0.1,0.7,0.0
2,gaussian_copula,precision,0.1,0.8,0.0
2,gaussian_copula,precision,0.1,0.9,0.0
2,gaussian_copula,precision,0.1,1.0,0.0
2,gaussian_copula,precision,0.2,0.2,0.0
2,gaussian_copula,precision,0.2,0.3,0.33
2,gaussian_copula,precision,0.2,0.4,0.4
2,gaussian_copula,precision,0.2,0.5,0.33
2,gaussian_copula,precision,0.2,0.6,0.56
2,gaussian_copula,precision,0.2,0.7,0.45
2,gaussian_copula,precision,0.2,0.8,0.42
2,gaussian_copula,precision,0.2,0.9,0.5
2,gaussian_copula,precision,0.2,1.0,0.53
2,gaussian_copula,precision,0.3,0.2,0.75
2,gaussian_copula,precision,0.3,0.3,0.71
2,gaussian_copula,precision,0.3,0.4,0.72
2,gaussian_copula,precision,0.3,0.5,0.74
2,gaussian_copula,precision,0.3,0.6,0.75
2,gaussian_copula,precision,0.3,0.7,0.7
2,gaussian_copula,precision,0.3,0.8,0.7
2,gaussian_copula,precision,0.3,0.9,0.68
2,gaussian_copula,precision,0.3,1.0,0.7
2,gaussian_copula,precision,0.4,0.2,0.72
2,gaussian_copula,precision,0.4,0.3,0.71
2,gaussian_copula,precision,0.4,0.4,0.72
2,gaussian_copula,precision,0.4,0.5,0.74
2,gaussian_copula,precision,0.4,0.6,0.73
2,gaussian_copula,precision,0.4,0.7,0.72
2,gaussian_copula,precision,0.4,0.8,0.7
2,gaussian_copula,precision,0.4,0.9,0.7
2,gaussian_copula,precision,0.4,1.0,0.7
2,gaussian_copula,accuracy,0.1,0.2,0.28
2,gaussian_copula,accuracy,0.1,0.3,0.29
2,gaussian_copula,accuracy,0.1,0.4,0.28
2,gaussian_copula,accuracy,0.1,0.5,0.27
2,gaussian_copula,accuracy,0.1,0.6,0.27
2,gaussian_copula,accuracy,0.1,0.7,0.28
2,gaussian_copula,accuracy,0.1,0.8,0.3
2,gaussian_copula,accuracy,0.1,0.9,0.3
2,gaussian_copula,accuracy,0.1,1.0,0.3
2,gaussian_copula,accuracy,0.2,0.2,0.28
2,gaussian_copula,accuracy,0.2,0.3,0.29
2,gaussian_copula,accuracy,0.2,0.4,0.28
2,gaussian_copula,accuracy,0.2,0.5,0.26
2,gaussian_copula,accuracy,0.2,0.6,0.27
2,gaussian_copula,accuracy,0.2,0.7,0.28
2,gaussian_copula,accuracy,0.2,0.8,0.3
2,gaussian_copula,accuracy,0.2,0.9,0.3
2,gaussian_copula,accuracy,0.2,1.0,0.3
2,gaussian_copula,accuracy,0.3,0.2,0.45
2,gaussian_copula,accuracy,0.3,0.3,0.42
2,gaussian_copula,accuracy,0.3,0.4,0.42
2,gaussian_copula,accuracy,0.3,0.5,0.42
2,gaussian_copula,accuracy,0.3,0.6,0.42
2,gaussian_copula,accuracy,0.3,0.7,0.41
2,gaussian_copula,accuracy,0.3,0.8,0.42
2,gaussian_copula,accuracy,0.3,0.9,0.41
2,gaussian_copula,accuracy,0.3,1.0,0.42
2,gaussian_copula,accuracy,0.4,0.2,0.7
2,gaussian_copula,accuracy,0.4,0.3,0.7
2,gaussian_copula,accuracy,0.4,0.4,0.71
2,gaussian_copula,accuracy,0.4,0.5,0.72
2,gaussian_copula,accuracy,0.4,0.6,0.72
2,gaussian_copula,accuracy,0.4,0.7,0.71
2,gaussian_copula,accuracy,0.4,0.8,0.7
2,gaussian_copula,accuracy,0.4,0.9,0.69
2,gaussian_copula,accuracy,0.4,1.0,0.69
2,copula_gan,precision,0.1,0.2,0.0
2,copula_gan,precision,0.1,0.3,0.0
2,copula_gan,precision,0.1,0.4,0.0
2,copula_gan,precision,0.1,0.5,0.0
2,copula_gan,precision,0.1,0.6,0.0
2,copula_gan,precision,0.1,0.7,0.0
2,copula_gan,precision,0.1,0.8,0.0
2,copula_gan,precision,0.1,0.9,0.0
2,copula_gan,precision,0.1,1.0,0.0
2,copula_gan,precision,0.2,0.2,0.0
2,copula_gan,precision,0.2,0.3,0.0
2,copula_gan,precision,0.2,0.4,0.0
2,copula_gan,precision,0.2,0.5,0.0
2,copula_gan,precision,0.2,0.6,0.0
2,copula_gan,precision,0.2,0.7,0.0
2,copula_gan,precision,0.2,0.8,0.0
2,copula_gan,precision,0.2,0.9,0.0
2,copula_gan,precision,0.2,1.0,0.0
2,copula_gan,precision,0.3,0.2,0.8
2,copula_gan,precision,0.3,0.3,0.82
2,copula_gan,precision,0.3,0.4,0.86
2,copula_gan,precision,0.3,0.5,0.89
2,copula_gan,precision,0.3,0.6,0.87
2,copula_gan,precision,0.3,0.7,0.82
2,copula_gan,precision,0.3,0.8,0.79
2,copula_gan,precision,0.3,0.9,0.77
2,copula_gan,precision,0.3,1.0,0.78
2,copula_gan,precision,0.4,0.2,0.72
2,copula_gan,precision,0.4,0.3,0.71
2,copula_gan,precision,0.4,0.4,0.72
2,copula_gan,precision,0.4,0.5,0.74
2,copula_gan,precision,0.4,0.6,0.74
2,copula_gan,precision,0.4,0.7,0.72
2,copula_gan,precision,0.4,0.8,0.71
2,copula_gan,precision,0.4,0.9,0.7
2,copula_gan,precision,0.4,1.0,0.7
2,copula_gan,accuracy,0.1,0.2,0.28
2,copula_gan,accuracy,0.1,0.3,0.29
2,copula_gan,accuracy,0.1,0.4,0.28
2,copula_gan,accuracy,0.1,0.5,0.27
2,copula_gan,accuracy,0.1,0.6,0.27
2,copula_gan,accuracy,0.1,0.7,0.28
2,copula_gan,accuracy,0.1,0.8,0.3
2,copula_gan,accuracy,0.1,0.9,0.3
2,copula_gan,accuracy,0.1,1.0,0.3
2,copula_gan,accuracy,0.2,0.2,0.28
2,copula_gan,accuracy,0.2,0.3,0.29
2,copula_gan,accuracy,0.2,0.4,0.28
2,copula_gan,accuracy,0.2,0.5,0.27
2,copula_gan,accuracy,0.2,0.6,0.27
2,copula_gan,accuracy,0.2,0.7,0.28
2,copula_gan,accuracy,0.2,0.8,0.3
2,copula_gan,accuracy,0.2,0.9,0.3
2,copula_gan,accuracy,0.2,1.0,0.3
2,copula_gan,accuracy,0.3,0.2,0.36
2,copula_gan,accuracy,0.3,0.3,0.38
2,copula_gan,accuracy,0.3,0.4,0.4
2,copula_gan,accuracy,0.3,0.5,0.4
2,copula_gan,accuracy,0.3,0.6,0.4
2,copula_gan,accuracy,0.3,0.7,0.39
2,copula_gan,accuracy,0.3,0.8,0.4
2,copula_gan,accuracy,0.3,0.9,0.4
2,copula_gan,accuracy,0.3,1.0,0.4
2,copula_gan,accuracy,0.4,0.2,0.72
2,copula_gan,accuracy,0.4,0.3,0.71
2,copula_gan,accuracy,0.4,0.4,0.72
2,copula_gan,accuracy,0.4,0.5,0.74
2,copula_gan,accuracy,0.4,0.6,0.73
2,copula_gan,accuracy,0.4,0.7,0.72
2,copula_gan,accuracy,0.4,0.8,0.7
2,copula_gan,accuracy,0.4,0.9,0.7
2,copula_gan,accuracy,0.4,1.0,0.7
2,ctgan,precision,0.1,0.2,0.0
2,ctgan,precision,0.1,0.3,0.0
2,ctgan,precision,0.1,0.4,0.0
2,ctgan,precision,0.1,0.5,0.0
2,ctgan,precision,0.1,0.6,0.0
2,ctgan,precision,0.1,0.7,0.0
2,ctgan,precision,0.1,0.8,0.0
2,ctgan,precision,0.1,0.9,0.0
2,ctgan,precision,0.1,1.0,0.0
2,ctgan,precision,0.2,0.2,0.0
2,ctgan,precision,0.2,0.3,0.33
2,ctgan,precision,0.2,0.4,0.5
2,ctgan,precision,0.2,0.5,0.5
2,ctgan,precision,0.2,0.6,0.5
2,ctgan,precision,0.2,0.7,0.5
2,ctgan,precision,0.2,0.8,0.5
2,ctgan,precision,0.2,0.9,0.5
2,ctgan,precision,0.2,1.0,0.6
2,ctgan,precision,0.3,0.2,0.67
2,ctgan,precision,0.3,0.3,0.69
2,ctgan,precision,0.3,0.4,0.74
2,ctgan,precision,0.3,0.5,0.76
2,ctgan,precision,0.3,0.6,0.77
2,ctgan,precision,0.3,0.7,0.75
2,ctgan,precision,0.3,0.8,0.73
2,ctgan,precision,0.3,0.9,0.71
2,ctgan,precision,0.3,1.0,0.73
2,ctgan,precision,0.4,0.2,0.72
2,ctgan,precision,0.4,0.3,0.71
2,ctgan,precision,0.4,0.4,0.72
2,ctgan,precision,0.4,0.5,0.73
2,ctgan,precision,0.4,0.6,0.73
2,ctgan,precision,0.4,0.7,0.71
2,ctgan,precision,0.4,0.8,0.7
2,ctgan,precision,0.4,0.9,0.7
2,ctgan,precision,0.4,1.0,0.7
2,ctgan,accuracy,0.1,0.2,0.28
2,ctgan,accuracy,0.1,0.3,0.29
2,ctgan,accuracy,0.1,0.4,0.28
2,ctgan,accuracy,0.1,0.5,0.27
2,ctgan,accuracy,0.1,0.6,0.27
2,ctgan,accuracy,0.1,0.7,0.28
2,ctgan,accuracy,0.1,0.8,0.3
2,ctgan,accuracy,0.1,0.9,0.3
2,ctgan,accuracy,0.1,1.0,0.3
2,ctgan,accuracy,0.2,0.2,0.28
2,ctgan,accuracy,0.2,0.3,0.29
2,ctgan,accuracy,0.2,0.4,0.28
2,ctgan,accuracy,0.2,0.5,0.27
2,ctgan,accuracy,0.2,0.6,0.27
2,ctgan,accuracy,0.2,0.7,0.28
2,ctgan,accuracy,0.2,0.8,0.3
2,ctgan,accuracy,0.2,0.9,0.3
2,ctgan,accuracy,0.2,1.0,0.3
2,ctgan,accuracy,0.3,0.2,0.34
2,ctgan,accuracy,0.3,0.3,0.36
2,ctgan,accuracy,0.3,0.4,0.36
2,ctgan,accuracy,0.3,0.5,0.35
2,ctgan,accuracy,0.3,0.6,0.37
2,ctgan,accuracy,0.3,0.7,0.38
2,ctgan,accuracy,0.3,0.8,0.39
2,ctgan,accuracy,0.3,0.9,0.39
2,ctgan,accuracy,0.3,1.0,0.39
2,ctgan,accuracy,0.4,0.2,0.7
2,ctgan,accuracy,0.4,0.3,0.69
2,ctgan,accuracy,0.4,0.4,0.7
2,ctgan,accuracy,0.4,0.5,0.72
2,ctgan,accuracy,0.4,0.6,0.72
2,ctgan,accuracy,0.4,0.7,0.7
2,ctgan,accuracy,0.4,0.8,0.69
2,ctgan,accuracy,0.4,0.9,0.68
2,ctgan,accuracy,0.4,1.0,0.69
3,synthpop,precision,0.1,0.2,0.0
3,synthpop,precision,0.1,0.3,0.0
3,synthpop,precision,0.1,0.4,0.0
3,synthpop,precision,0.1,0.5,0.0
3,synthpop,precision,0.1,0.6,0.0
3,synthpop,precision,0.1,0.7,0.0
3,synthpop,precision,0.1,0.8,0.0
3,synthpop,precision,0.1,0.9,0.0
3,synthpop,precision,0.1,1.0,0.0
3,synthpop,precision,0.2,0.2,0.0
3,synthpop,precision,0.2,0.3,0.0
3,synthpop,precision,0.2,0.4,1.0
3,synthpop,precision,0.2,0.5,1.0
3,synthpop,precision,0.2,0.6,1.0
3,synthpop,precision,0.2,0.7,1.0
3,synthpop,precision,0.2,0.8,1.0
3,synthpop,precision,0.2,0.9,1.0
3,synthpop,precision,0.2,1.0,1.0
3,synthpop,precision,0.3,0.2,0.0
3,synthpop,precision,0.3,0.3,0.0
3,synthpop,precision,0.3,0.4,1.0
3,synthpop,precision,0.3,0.5,1.0
3,synthpop,precision,0.3,0.6,1.0
3,synthpop,precision,0.3,0.7,1.0
3,synthpop,precision,0.3,0.8,1.0
3,synthpop,precision,0.3,0.9,1.0
3,synthpop,precision,0.3,1.0,0.86
3,synthpop,precision,0.4,0.2,0.5
3,synthpop,precision,0.4,0.3,0.33
3,synthpop,precision,0.4,0.4,0.6
3,synthpop,precision,0.4,0.5,0.75
3,synthpop,precision,0.4,0.6,0.7
3,synthpop,precision,0.4,0.7,0.69
3,synthpop,precision,0.4,0.8,0.71
3,synthpop,precision,0.4,0.9,0.71
3,synthpop,precision,0.4,1.0,0.67
3,synthpop,accuracy,0.1,0.2,0.19
3,synthpop,accuracy,0.1,0.3,0.25
3,synthpop,accuracy,0.1,0.4,0.28
3,synthpop,accuracy,0.1,0.5,0.25
3,synthpop,accuracy,0.1,0.6,0.25
3,synthpop,accuracy,0.1,0.7,0.27
3,synthpop,accuracy,0.1,0.8,0.28
3,synthpop,accuracy,0.1,0.9,0.29
3,synthpop,accuracy,0.1,1.0,0.3
3,synthpop,accuracy,0.2,0.2,0.19
3,synthpop,accuracy,0.2,0.3,0.25
3,synthpop,accuracy,0.2,0.4,0.31
3,synthpop,accuracy,0.2,0.5,0.28
3,synthpop,accuracy,0.2,0.6,0.27
3,synthpop,accuracy,0.2,0.7,0.29
3,synthpop,accuracy,0.2,0.8,0.3
3,synthpop,accuracy,0.2,0.9,0.31
3,synthpop,accuracy,0.2,1.0,0.31
3,synthpop,accuracy,0.3,0.2,0.19
3,synthpop,accuracy,0.3,0.3,0.25
3,synthpop,accuracy,0.3,0.4,0.31
3,synthpop,accuracy,0.3,0.5,0.28
3,synthpop,accuracy,0.3,0.6,0.27
3,synthpop,accuracy,0.3,0.7,0.29
3,synthpop,accuracy,0.3,0.8,0.34
3,synthpop,accuracy,0.3,0.9,0.38
3,synthpop,accuracy,0.3,1.0,0.36
3,synthpop,accuracy,0.4,0.2,0.19
3,synthpop,accuracy,0.4,0.3,0.21
3,synthpop,accuracy,0.4,0.4,0.31
3,synthpop,accuracy,0.4,0.5,0.35
3,synthpop,accuracy,0.4,0.6,0.33
3,synthpop,accuracy,0.4,0.7,0.36
3,synthpop,accuracy,0.4,0.8,0.39
3,synthpop,accuracy,0.4,0.9,0.42
3,synthpop,accuracy,0.4,1.0,0.4
3,ds,precision,0.1,0.2,0.0
3,ds,precision,0.1,0.3,0.0
3,ds,precision,0.1,0.4,0.0
3,ds,precision,0.1,0.5,0.0
3,ds,precision,0.1,0.6,0.0
3,ds,precision,0.1,0.7,0.0
3,ds,precision,0.1,0.8,0.0
3,ds,precision,0.1,0.9,0.0
3,ds,precision,0.1,1.0,0.0
3,ds,precision,0.2,0.2,0.0
3,ds,precision,0.2,0.3,0.0
3,ds,precision,0.2,0.4,0.0
3,ds,precision,0.2,0.5,0.0
3,ds,precision,0.2,0.6,0.0
3,ds,precision,0.2,0.7,0.0
3,ds,precision,0.2,0.8,0.0
3,ds,precision,0.2,0.9,0.0
3,ds,precision,0.2,1.0,0.0
3,ds,precision,0.3,0.2,0.0
3,ds,precision,0.3,0.3,0.0
3,ds,precision,0.3,0.4,0.0
3,ds,precision,0.3,0.5,0.0
3,ds,precision,0.3,0.6,0.0
3,ds,precision,0.3,0.7,0.0
3,ds,precision,0.3,0.8,0.0
3,ds,precision,0.3,0.9,0.0
3,ds,precision,0.3,1.0,0.0
3,ds,precision,0.4,0.2,0.0
3,ds,precision,0.4,0.3,0.0
3,ds,precision,0.4,0.4,0.0
3,ds,precision,0.4,0.5,0.0
3,ds,precision,0.4,0.6,0.0
3,ds,precision,0.4,0.7,0.0
3,ds,precision,0.4,0.8,0.0
3,ds,precision,0.4,0.9,0.0
3,ds,precision,0.4,1.0,0.0
3,ds,accuracy,0.1,0.2,0.19
3,ds,accuracy,0.1,0.3,0.25
3,ds,accuracy,0.1,0.4,0.28
3,ds,accuracy,0.1,0.5,0.25
3,ds,accuracy,0.1,0.6,0.25
3,ds,accuracy,0.1,0.7,0.27
3,ds,accuracy,0.1,0.8,0.28
3,ds,accuracy,0.1,0.9,0.29
3,ds,accuracy,0.1,1.0,0.3
3,ds,accuracy,0.2,0.2,0.19
3,ds,accuracy,0.2,0.3,0.25
3,ds,accuracy,0.2,0.4,0.28
3,ds,accuracy,0.2,0.5,0.25
3,ds,accuracy,0.2,0.6,0.25
3,ds,accuracy,0.2,0.7,0.27
3,ds,accuracy,0.2,0.8,0.28
3,ds,accuracy,0.2,0.9,0.29
3,ds,accuracy,0.2,1.0,0.3
3,ds,accuracy,0.3,0.2,0.19
3,ds,accuracy,0.3,0.3,0.25
3,ds,accuracy,0.3,0.4,0.28
3,ds,accuracy,0.3,0.5,0.25
3,ds,accuracy,0.3,0.6,0.25
3,ds,accuracy,0.3,0.7,0.27
3,ds,accuracy,0.3,0.8,0.28
3,ds,accuracy,0.3,0.9,0.29
3,ds,accuracy,0.3,1.0,0.3
3,ds,accuracy,0.4,0.2,0.19
3,ds,accuracy,0.4,0.3,0.25
3,ds,accuracy,0.4,0.4,0.28
3,ds,accuracy,0.4,0.5,0.25
3,ds,accuracy,0.4,0.6,0.25
3,ds,accuracy,0.4,0.7,0.27
3,ds,accuracy,0.4,0.8,0.28
3,ds,accuracy,0.4,0.9,0.29
3,ds,accuracy,0.4,1.0,0.3
3,tvae,precision,0.1,0.2,0.0
3,tvae,precision,0.1,0.3,0.0
3,tvae,precision,0.1,0.4,0.0
3,tvae,precision,0.1,0.5,0.0
3,tvae,precision,0.1,0.6,0.0
3,tvae,precision,0.1,0.7,0.0
3,tvae,precision,0.1,0.8,0.0
3,tvae,precision,0.1,0.9,0.0
3,tvae,precision,0.1,1.0,0.0
3,tvae,precision,0.2,0.2,0.0
3,tvae,precision,0.2,0.3,0.0
3,tvae,precision,0.2,0.4,0.0
3,tvae,precision,0.2,0.5,0.0
3,tvae,precision,0.2,0.6,0.0
3,tvae,precision,0.2,0.7,0.0
3,tvae,precision,0.2,0.8,0.0
3,tvae,precision,0.2,0.9,0.0
3,tvae,precision,0.2,1.0,0.0
3,tvae,precision,0.3,0.2,0.0
3,tvae,precision,0.3,0.3,0.0
3,tvae,precision,0.3,0.4,0.0
3,tvae,precision,0.3,0.5,0.0
3,tvae,precision,0.3,0.6,0.0
3,tvae,precision,0.3,0.7,0.0
3,tvae,precision,0.3,0.8,0.0
3,tvae,precision,0.3,0.9,0.0
3,tvae,precision,0.3,1.0,0.0
3,tvae,precision,0.4,0.2,1.0
3,tvae,precision,0.4,0.3,0.67
3,tvae,precision,0.4,0.4,0.75
3,tvae,precision,0.4,0.5,0.83
3,tvae,precision,0.4,0.6,0.83
3,tvae,precision,0.4,0.7,0.86
3,tvae,precision,0.4,0.8,0.78
3,tvae,precision,0.4,0.9,0.7
3,tvae,precision,0.4,1.0,0.62
3,tvae,accuracy,0.1,0.2,0.19
3,tvae,accuracy,0.1,0.3,0.25
3,tvae,accuracy,0.1,0.4,0.28
3,tvae,accuracy,0.1,0.5,0.25
3,tvae,accuracy,0.1,0.6,0.25
3,tvae,accuracy,0.1,0.7,0.27
3,tvae,accuracy,0.1,0.8,0.28
3,tvae,accuracy,0.1,0.9,0.29
3,tvae,accuracy,0.1,1.0,0.3
3,tvae,accuracy,0.2,0.2,0.19
3,tvae,accuracy,0.2,0.3,0.25
3,tvae,accuracy,0.2,0.4,0.28
3,tvae,accuracy,0.2,0.5,0.25
3,tvae,accuracy,0.2,0.6,0.25
3,tvae,accuracy,0.2,0.7,0.27
3,tvae,accuracy,0.2,0.8,0.28
3,tvae,accuracy,0.2,0.9,0.29
3,tvae,accuracy,0.2,1.0,0.3
3,tvae,accuracy,0.3,0.2,0.19
3,tvae,accuracy,0.3,0.3,0.25
3,tvae,accuracy,0.3,0.4,0.28
3,tvae,accuracy,0.3,0.5,0.25
3,tvae,accuracy,0.3,0.6,0.25
3,tvae,accuracy,0.3,0.7,0.27
3,tvae,accuracy,0.3,0.8,0.28
3,tvae,accuracy,0.3,0.9,0.29
3,tvae,accuracy,0.3,1.0,0.3
3,tvae,accuracy,0.4,0.2,0.25
3,tvae,accuracy,0.4,0.3,0.29
3,tvae,accuracy,0.4,0.4,0.34
3,tvae,accuracy,0.4,0.5,0.35
3,tvae,accuracy,0.4,0.6,0.33
3,tvae,accuracy,0.4,0.7,0.36
3,tvae,accuracy,0.4,0.8,0.36
3,tvae,accuracy,0.4,0.9,0.35
3,tvae,accuracy,0.4,1.0,0.34
3,gaussian_copula,precision,0.1,0.2,0.0
3,gaussian_copula,precision,0.1,0.3,0.0
3,gaussian_copula,precision,0.1,0.4,0.0
3,gaussian_copula,precision,0.1,0.5,0.0
3,gaussian_copula,precision,0.1,0.6,0.0
3,gaussian_copula,precision,0.1,0.7,0.0
3,gaussian_copula,precision,0.1,0.8,0.0
3,gaussian_copula,precision,0.1,0.9,0.0
3,gaussian_copula,precision,0.1,1.0,0.0
3,gaussian_copula,precision,0.2,0.2,0.0
3,gaussian_copula,precision,0.2,0.3,0.0
3,gaussian_copula,precision,0.2,0.4,0.0
3,gaussian_copula,precision,0.2,0.5,0.0
3,gaussian_copula,precision,0.2,0.6,0.0
3,gaussian_copula,precision,0.2,0.7,0.0
3,gaussian_copula,precision,0.2,0.8,0.0
3,gaussian_copula,precision,0.2,0.9,0.0
3,gaussian_copula,precision,0.2,1.0,0.0
3,gaussian_copula,precision,0.3,0.2,0.0
3,gaussian_copula,precision,0.3,0.3,0.0
3,gaussian_copula,precision,0.3,0.4,0.0
3,gaussian_copula,precision,0.3,0.5,0.0
3,gaussian_copula,precision,0.3,0.6,0.0
3,gaussian_copula,precision,0.3,0.7,0.0
3,gaussian_copula,precision,0.3,0.8,0.0
3,gaussian_copula,precision,0.3,0.9,0.0
3,gaussian_copula,precision,0.3,1.0,0.0
3,gaussian_copula,precision,0.4,0.2,1.0
3,gaussian_copula,precision,0.4,0.3,1.0
3,gaussian_copula,precision,0.4,0.4,1.0
3,gaussian_copula,precision,0.4,0.5,1.0
3,gaussian_copula,precision,0.4,0.6,1.0
3,gaussian_copula,precision,0.4,0.7,1.0
3,gaussian_copula,precision,0.4,0.8,0.5
3,gaussian_copula,precision,0.4,0.9,0.33
3,gaussian_copula,precision,0.4,1.0,0.33
3,gaussian_copula,accuracy,0.1,0.2,0.19
3,gaussian_copula,accuracy,0.1,0.3,0.25
3,gaussian_copula,accuracy,0.1,0.4,0.28
3,gaussian_copula,accuracy,0.1,0.5,0.25
3,gaussian_copula,accuracy,0.1,0.6,0.25
3,gaussian_copula,accuracy,0.1,0.7,0.27
3,gaussian_copula,accuracy,0.1,0.8,0.28
3,gaussian_copula,accuracy,0.1,0.9,0.29
3,gaussian_copula,accuracy,0.1,1.0,0.3
3,gaussian_copula,accuracy,0.2,0.2,0.19
3,gaussian_copula,accuracy,0.2,0.3,0.25
3,gaussian_copula,accuracy,0.2,0.4,0.28
3,gaussian_copula,accuracy,0.2,0.5,0.25
3,gaussian_copula,accuracy,0.2,0.6,0.25
3,gaussian_copula,accuracy,0.2,0.7,0.27
3,gaussian_copula,accuracy,0.2,0.8,0.28
3,gaussian_copula,accuracy,0.2,0.9,0.29
3,gaussian_copula,accuracy,0.2,1.0,0.3
3,gaussian_copula,accuracy,0.3,0.2,0.19
3,gaussian_copula,accuracy,0.3,0.3,0.25
3,gaussian_copula,accuracy,0.3,0.4,0.28
3,gaussian_copula,accuracy,0.3,0.5,0.25
3,gaussian_copula,accuracy,0.3,0.6,0.25
3,gaussian_copula,accuracy,0.3,0.7,0.27
3,gaussian_copula,accuracy,0.3,0.8,0.28
3,gaussian_copula,accuracy,0.3,0.9,0.29
3,gaussian_copula,accuracy,0.3,1.0,0.3
3,gaussian_copula,accuracy,0.4,0.2,0.25
3,gaussian_copula,accuracy,0.4,0.3,0.29
3,gaussian_copula,accuracy,0.4,0.4,0.31
3,gaussian_copula,accuracy,0.4,0.5,0.28
3,gaussian_copula,accuracy,0.4,0.6,0.27
3,gaussian_copula,accuracy,0.4,0.7,0.29
3,gaussian_copula,accuracy,0.4,0.8,0.28
3,gaussian_copula,accuracy,0.4,0.9,0.28
3,gaussian_copula,accuracy,0.4,1.0,0.29
3,copula_gan,precision,0.1,0.2,0.0
3,copula_gan,precision,0.1,0.3,0.0
3,copula_gan,precision,0.1,0.4,0.0
3,copula_gan,precision,0.1,0.5,0.0
3,copula_gan,precision,0.1,0.6,0.0
3,copula_gan,precision,0.1,0.7,0.0
3,copula_gan,precision,0.1,0.8,0.0
3,copula_gan,precision,0.1,0.9,0.0
3,copula_gan,precision,0.1,1.0,0.0
3,copula_gan,precision,0.2,0.2,0.0
3,copula_gan,precision,0.2,0.3,0.0
3,copula_gan,precision,0.2,0.4,0.0
3,copula_gan,precision,0.2,0.5,0.0
3,copula_gan,precision,0.2,0.6,0.0
3,copula_gan,precision,0.2,0.7,0.0
3,copula_gan,precision,0.2,0.8,0.0
3,copula_gan,precision,0.2,0.9,0.0
3,copula_gan,precision,0.2,1.0,0.0
3,copula_gan,precision,0.3,0.2,0.0
3,copula_gan,precision,0.3,0.3,0.0
3,copula_gan,precision,0.3,0.4,0.0
3,copula_gan,precision,0.3,0.5,0.0
3,copula_gan,precision,0.3,0.6,0.0
3,copula_gan,precision,0.3,0.7,0.0
3,copula_gan,precision,0.3,0.8,0.0
3,copula_gan,precision,0.3,0.9,0.0
3,copula_gan,precision,0.3,1.0,0.0
3,copula_gan,precision,0.4,0.2,0.0
3,copula_gan,precision,0.4,0.3,0.0
3,copula_gan,precision,0.4,0.4,0.0
3,copula_gan,precision,0.4,0.5,0.0
3,copula_gan,precision,0.4,0.6,0.0
3,copula_gan,precision,0.4,0.7,0.0
3,copula_gan,precision,0.4,0.8,0.0
3,copula_gan,precision,0.4,0.9,0.0
3,copula_gan,precision,0.4,1.0,0.0
3,copula_gan,accuracy,0.1,0.2,0.19
3,copula_gan,accuracy,0.1,0.3,0.25
3,copula_gan,accuracy,0.1,0.4,0.28
3,copula_gan,accuracy,0.1,0.5,0.25
3,copula_gan,accuracy,0.1,0.6,0.25
3,copula_gan,accuracy,0.1,0.7,0.27
3,copula_gan,accuracy,0.1,0.8,0.28
3,copula_gan,accuracy,0.1,0.9,0.29
3,copula_gan,accuracy,0.1,1.0,0.3
3,copula_gan,accuracy,0.2,0.2,0.19
3,copula_gan,accuracy,0.2,0.3,0.25
3,copula_gan,accuracy,0.2,0.4,0.28
3,copula_gan,accuracy,0.2,0.5,0.25
3,copula_gan,accuracy,0.2,0.6,0.25
3,copula_gan,accuracy,0.2,0.7,0.27
3,copula_gan,accuracy,0.2,0.8,0.28
3,copula_gan,accuracy,0.2,0.9,0.29
3,copula_gan,accuracy,0.2,1.0,0.3
3,copula_gan,accuracy,0.3,0.2,0.19
3,copula_gan,accuracy,0.3,0.3,0.25
3,copula_gan,accuracy,0.3,0.4,0.28
3,copula_gan,accuracy,0.3,0.5,0.25
3,copula_gan,accuracy,0.3,0.6,0.25
3,copula_gan,accuracy,0.3,0.7,0.27
3,copula_gan,accuracy,0.3,0.8,0.28
3,copula_gan,accuracy,0.3,0.9,0.29
3,copula_gan,accuracy,0.3,1.0,0.3
3,copula_gan,accuracy,0.4,0.2,0.19
3,copula_gan,accuracy,0.4,0.3,0.25
3,copula_gan,accuracy,0.4,0.4,0.28
3,copula_gan,accuracy,0.4,0.5,0.25
3,copula_gan,accuracy,0.4,0.6,0.25
3,copula_gan,accuracy,0.4,0.7,0.27
3,copula_gan,accuracy,0.4,0.8,0.28
3,copula_gan,accuracy,0.4,0.9,0.29
3,copula_gan,accuracy,0.4,1.0,0.3
3,ctgan,precision,0.1,0.2,0.0
3,ctgan,precision,0.1,0.3,0.0
3,ctgan,precision,0.1,0.4,0.0
3,ctgan,precision,0.1,0.5,0.0
3,ctgan,precision,0.1,0.6,0.0
3,ctgan,precision,0.1,0.7,0.0
3,ctgan,precision,0.1,0.8,0.0
3,ctgan,precision,0.1,0.9,0.0
3,ctgan,precision,0.1,1.0,0.0
3,ctgan,precision,0.2,0.2,0.0
3,ctgan,precision,0.2,0.3,0.0
3,ctgan,precision,0.2,0.4,0.0
3,ctgan,precision,0.2,0.5,0.0
3,ctgan,precision,0.2,0.6,0.0
3,ctgan,precision,0.2,0.7,0.0
3,ctgan,precision,0.2,0.8,0.0
3,ctgan,precision,0.2,0.9,0.0
3,ctgan,precision,0.2,1.0,0.0
3,ctgan,precision,0.3,0.2,0.0
3,ctgan,precision,0.3,0.3,0.0
3,ctgan,precision,0.3,0.4,0.0
3,ctgan,precision,0.3,0.5,0.0
3,ctgan,precision,0.3,0.6,0.0
3,ctgan,precision,0.3,0.7,0.0
3,ctgan,precision,0.3,0.8,0.0
3,ctgan,precision,0.3,0.9,0.0
3,ctgan,precision,0.3,1.0,0.0
3,ctgan,precision,0.4,0.2,0.0
3,ctgan,precision,0.4,0.3,0.0
3,ctgan,precision,0.4,0.4,0.0
3,ctgan,precision,0.4,0.5,0.0
3,ctgan,precision,0.4,0.6,0.0
3,ctgan,precision,0.4,0.7,0.0
3,ctgan,precision,0.4,0.8,0.0
3,ctgan,precision,0.4,0.9,0.0
3,ctgan,precision,0.4,1.0,0.0
3,ctgan,accuracy,0.1,0.2,0.19
3,ctgan,accuracy,0.1,0.3,0.25
3,ctgan,accuracy,0.1,0.4,0.28
3,ctgan,accuracy,0.1,0.5,0.25
3,ctgan,accuracy,0.1,0.6,0.25
3,ctgan,accuracy,0.1,0.7,0.27
3,ctgan,accuracy,0.1,0.8,0.28
3,ctgan,accuracy,0.1,0.9,0.29
3,ctgan,accuracy,0.1,1.0,0.3
3,ctgan,accuracy,0.2,0.2,0.19
3,ctgan,accuracy,0.2,0.3,0.25
3,ctgan,accuracy,0.2,0.4,0.28
3,ctgan,accuracy,0.2,0.5,0.25
3,ctgan,accuracy,0.2,0.6,0.25
3,ctgan,accuracy,0.2,0.7,0.27
3,ctgan,accuracy,0.2,0.8,0.28
3,ctgan,accuracy,0.2,0.9,0.29
3,ctgan,accuracy,0.2,1.0,0.3
3,ctgan,accuracy,0.3,0.2,0.19
3,ctgan,accuracy,0.3,0.3,0.25
3,ctgan,accuracy,0.3,0.4,0.28
3,ctgan,accuracy,0.3,0.5,0.25
3,ctgan,accuracy,0.3,0.6,0.25
3,ctgan,accuracy,0.3,0.7,0.27
3,ctgan,accuracy,0.3,0.8,0.28
3,ctgan,accuracy,0.3,0.9,0.29
3,ctgan,accuracy,0.3,1.0,0.3
3,ctgan,accuracy,0.4,0.2,0.19
3,ctgan,accuracy,0.4,0.3,0.25
3,ctgan,accuracy,0.4,0.4,0.28
3,ctgan,accuracy,0.4,0.5,0.25
3,ctgan,accuracy,0.4,0.6,0.25
3,ctgan,accuracy,0.4,0.7,0.27
3,ctgan,accuracy,0.4,0.8,0.28
3,ctgan,accuracy,0.4,0.9,0.29
3,ctgan,accuracy,0.4,1.0,0.3
5,synthpop,precision,0.1,0.2,0.0
5,synthpop,precision,0.1,0.3,0.0
5,synthpop,precision,0.1,0.4,0.0
5,synthpop,precision,0.1,0.5,0.0
5,synthpop,precision,0.1,0.6,0.0
5,synthpop,precision,0.1,0.7,0.0
5,synthpop,precision,0.1,0.8,0.0
5,synthpop,precision,0.1,0.9,0.0
5,synthpop,precision,0.1,1.0,0.0
5,synthpop,precision,0.2,0.2,0.0
5,synthpop,precision,0.2,0.3,0.0
5,synthpop,precision,0.2,0.4,1.0
5,synthpop,precision,0.2,0.5,1.0
5,synthpop,precision,0.2,0.6,1.0
5,synthpop,precision,0.2,0.7,1.0
5,synthpop,precision,0.2,0.8,1.0
5,synthpop,precision,0.2,0.9,1.0
5,synthpop,precision,0.2,1.0,1.0
5,synthpop,precision,0.3,0.2,0.88
5,synthpop,precision,0.3,0.3,0.9
5,synthpop,precision,0.3,0.4,0.82
5,synthpop,precision,0.3,0.5,0.82
5,synthpop,precision,0.3,0.6,0.8
5,synthpop,precision,0.3,0.7,0.8
5,synthpop,precision,0.3,0.8,0.79
5,synthpop,precision,0.3,0.9,0.76
5,synthpop,precision,0.3,1.0,0.77
5,synthpop,precision,0.4,0.2,0.75
5,synthpop,precision,0.4,0.3,0.72
5,synthpop,precision,0.4,0.4,0.73
5,synthpop,precision,0.4,0.5,0.73
5,synthpop,precision,0.4,0.6,0.73
5,synthpop,precision,0.4,0.7,0.73
5,synthpop,precision,0.4,0.8,0.73
5,synthpop,precision,0.4,0.9,0.72
5,synthpop,precision,0.4,1.0,0.72
5,synthpop,accuracy,0.1,0.2,0.29
5,synthpop,accuracy,0.1,0.3,0.32
5,synthpop,accuracy,0.1,0.4,0.3
5,synthpop,accuracy,0.1,0.5,0.3
5,synthpop,accuracy,0.1,0.6,0.3
5,synthpop,accuracy,0.1,0.7,0.3
5,synthpop,accuracy,0.1,0.8,0.3
5,synthpop,accuracy,0.1,0.9,0.3
5,synthpop,accuracy,0.1,1.0,0.3
5,synthpop,accuracy,0.2,0.2,0.29
5,synthpop,accuracy,0.2,0.3,0.32
5,synthpop,accuracy,0.2,0.4,0.31
5,synthpop,accuracy,0.2,0.5,0.31
5,synthpop,accuracy,0.2,0.6,0.31
5,synthpop,accuracy,0.2,0.7,0.31
5,synthpop,accuracy,0.2,0.8,0.31
5,synthpop,accuracy,0.2,0.9,0.31
5,synthpop,accuracy,0.2,1.0,0.31
5,synthpop,accuracy,0.3,0.2,0.37
5,synthpop,accuracy,0.3,0.3,0.39
5,synthpop,accuracy,0.3,0.4,0.39
5,synthpop,accuracy,0.3,0.5,0.41
5,synthpop,accuracy,0.3,0.6,0.42
5,synthpop,accuracy,0.3,0.7,0.42
5,synthpop,accuracy,0.3,0.8,0.42
5,synthpop,accuracy,0.3,0.9,0.41
5,synthpop,accuracy,0.3,1.0,0.43
5,synthpop,accuracy,0.4,0.2,0.72
5,synthpop,accuracy,0.4,0.3,0.7
5,synthpop,accuracy,0.4,0.4,0.72
5,synthpop,accuracy,0.4,0.5,0.72
5,synthpop,accuracy,0.4,0.6,0.72
5,synthpop,accuracy,0.4,0.7,0.71
5,synthpop,accuracy,0.4,0.8,0.71
5,synthpop,accuracy,0.4,0.9,0.7
5,synthpop,accuracy,0.4,1.0,0.7
5,ds,precision,0.1,0.2,0.0
5,ds,precision,0.1,0.3,0.0
5,ds,precision,0.1,0.4,0.0
5,ds,precision,0.1,0.5,0.0
5,ds,precision,0.1,0.6,0.0
5,ds,precision,0.1,0.7,0.0
5,ds,precision,0.1,0.8,0.0
5,ds,precision,0.1,0.9,0.0
5,ds,precision,0.1,1.0,0.0
5,ds,precision,0.2,0.2,0.0
5,ds,precision,0.2,0.3,0.0
5,ds,precision,0.2,0.4,0.0
5,ds,precision,0.2,0.5,0.0
5,ds,precision,0.2,0.6,0.0
5,ds,precision,0.2,0.7,0.0
5,ds,precision,0.2,0.8,0.0
5,ds,precision,0.2,0.9,0.0
5,ds,precision,0.2,1.0,0.0
5,ds,precision,0.3,0.2,0.0
5,ds,precision,0.3,0.3,0.0
5,ds,precision,0.3,0.4,0.0
5,ds,precision,0.3,0.5,0.0
5,ds,precision,0.3,0.6,0.0
5,ds,precision,0.3,0.7,0.0
5,ds,precision,0.3,0.8,0.0
5,ds,precision,0.3,0.9,0.0
5,ds,precision,0.3,1.0,0.0
5,ds,precision,0.4,0.2,0.57
5,ds,precision,0.4,0.3,0.44
5,ds,precision,0.4,0.4,0.5
5,ds,precision,0.4,0.5,0.65
5,ds,precision,0.4,0.6,0.67
5,ds,precision,0.4,0.7,0.67
5,ds,precision,0.4,0.8,0.67
5,ds,precision,0.4,0.9,0.62
5,ds,precision,0.4,1.0,0.65
5,ds,accuracy,0.1,0.2,0.29
5,ds,accuracy,0.1,0.3,0.32
5,ds,accuracy,0.1,0.4,0.3
5,ds,accuracy,0.1,0.5,0.3
5,ds,accuracy,0.1,0.6,0.3
5,ds,accuracy,0.1,0.7,0.3
5,ds,accuracy,0.1,0.8,0.3
5,ds,accuracy,0.1,0.9,0.3
5,ds,accuracy,0.1,1.0,0.3
5,ds,accuracy,0.2,0.2,0.29
5,ds,accuracy,0.2,0.3,0.32
5,ds,accuracy,0.2,0.4,0.3
5,ds,accuracy,0.2,0.5,0.3
5,ds,accuracy,0.2,0.6,0.3
5,ds,accuracy,0.2,0.7,0.3
5,ds,accuracy,0.2,0.8,0.3
5,ds,accuracy,0.2,0.9,0.3
5,ds,accuracy,0.2,1.0,0.3
5,ds,accuracy,0.3,0.2,0.29
5,ds,accuracy,0.3,0.3,0.32
5,ds,accuracy,0.3,0.4,0.3
5,ds,accuracy,0.3,0.5,0.3
5,ds,accuracy,0.3,0.6,0.3
5,ds,accuracy,0.3,0.7,0.3
5,ds,accuracy,0.3,0.8,0.3
5,ds,accuracy,0.3,0.9,0.3
5,ds,accuracy,0.3,1.0,0.3
5,ds,accuracy,0.4,0.2,0.3
5,ds,accuracy,0.4,0.3,0.31
5,ds,accuracy,0.4,0.4,0.3
5,ds,accuracy,0.4,0.5,0.32
5,ds,accuracy,0.4,0.6,0.33
5,ds,accuracy,0.4,0.7,0.33
5,ds,accuracy,0.4,0.8,0.33
5,ds,accuracy,0.4,0.9,0.32
5,ds,accuracy,0.4,1.0,0.32
5,tvae,precision,0.1,0.2,0.0
5,tvae,precision,0.1,0.3,0.0
5,tvae,precision,0.1,0.4,0.0
5,tvae,precision,0.1,0.5,0.0
5,tvae,precision,0.1,0.6,0.0
5,tvae,precision,0.1,0.7,0.0
5,tvae,precision,0.1,0.8,0.0
5,tvae,precision,0.1,0.9,0.0
5,tvae,precision,0.1,1.0,0.0
5,tvae,precision,0.2,0.2,0.0
5,tvae,precision,0.2,0.3,0.0
5,tvae,precision,0.2,0.4,0.0
5,tvae,precision,0.2,0.5,0.0
5,tvae,precision,0.2,0.6,0.0
5,tvae,precision,0.2,0.7,0.0
5,tvae,precision,0.2,0.8,0.0
5,tvae,precision,0.2,0.9,0.0
5,tvae,precision,0.2,1.0,0.0
5,tvae,precision,0.3,0.2,0.0
5,tvae,precision,0.3,0.3,0.0
5,tvae,precision,0.3,0.4,0.0
5,tvae,precision,0.3,0.5,0.0
5,tvae,precision,0.3,0.6,0.0
5,tvae,precision,0.3,0.7,0.0
5,tvae,precision,0.3,0.8,0.0
5,tvae,precision,0.3,0.9,0.0
5,tvae,precision,0.3,1.0,0.0
5,tvae,precision,0.4,0.2,1.0
5,tvae,precision,0.4,0.3,0.82
5,tvae,precision,0.4,0.4,0.88
5,tvae,precision,0.4,0.5,0.82
5,tvae,precision,0.4,0.6,0.85
5,tvae,precision,0.4,0.7,0.84
5,tvae,precision,0.4,0.8,0.86
5,tvae,precision,0.4,0.9,0.8
5,tvae,precision,0.4,1.0,0.8
5,tvae,accuracy,0.1,0.2,0.29
5,tvae,accuracy,0.1,0.3,0.32
5,tvae,accuracy,0.1,0.4,0.3
5,tvae,accuracy,0.1,0.5,0.3
5,tvae,accuracy,0.1,0.6,0.3
5,tvae,accuracy,0.1,0.7,0.3
5,tvae,accuracy,0.1,0.8,0.3
5,tvae,accuracy,0.1,0.9,0.3
5,tvae,accuracy,0.1,1.0,0.3
5,tvae,accuracy,0.2,0.2,0.29
5,tvae,accuracy,0.2,0.3,0.32
5,tvae,accuracy,0.2,0.4,0.3
5,tvae,accuracy,0.2,0.5,0.3
5,tvae,accuracy,0.2,0.6,0.3
5,tvae,accuracy,0.2,0.7,0.3
5,tvae,accuracy,0.2,0.8,0.3
5,tvae,accuracy,0.2,0.9,0.3
5,tvae,accuracy,0.2,1.0,0.3
5,tvae,accuracy,0.3,0.2,0.29
5,tvae,accuracy,0.3,0.3,0.32
5,tvae,accuracy,0.3,0.4,0.3
5,tvae,accuracy,0.3,0.5,0.3
5,tvae,accuracy,0.3,0.6,0.3
5,tvae,accuracy,0.3,0.7,0.3
5,tvae,accuracy,0.3,0.8,0.3
5,tvae,accuracy,0.3,0.9,0.3
5,tvae,accuracy,0.3,1.0,0.3
5,tvae,accuracy,0.4,0.2,0.37
5,tvae,accuracy,0.4,0.3,0.38
5,tvae,accuracy,0.4,0.4,0.38
5,tvae,accuracy,0.4,0.5,0.37
5,tvae,accuracy,0.4,0.6,0.38
5,tvae,accuracy,0.4,0.7,0.38
5,tvae,accuracy,0.4,0.8,0.38
5,tvae,accuracy,0.4,0.9,0.37
5,tvae,accuracy,0.4,1.0,0.37
5,gaussian_copula,precision,0.1,0.2,0.0
5,gaussian_copula,precision,0.1,0.3,0.0
5,gaussian_copula,precision,0.1,0.4,0.0
5,gaussian_copula,precision,0.1,0.5,0.0
5,gaussian_copula,precision,0.1,0.6,0.0
5,gaussian_copula,precision,0.1,0.7,0.0
5,gaussian_copula,precision,0.1,0.8,0.0
5,gaussian_copula,precision,0.1,0.9,0.0
5,gaussian_copula,precision,0.1,1.0,0.0
5,gaussian_copula,precision,0.2,0.2,0.0
5,gaussian_copula,precision,0.2,0.3,0.0
5,gaussian_copula,precision,0.2,0.4,0.0
5,gaussian_copula,precision,0.2,0.5,0.0
5,gaussian_copula,precision,0.2,0.6,0.0
5,gaussian_copula,precision,0.2,0.7,0.0
5,gaussian_copula,precision,0.2,0.8,0.0
5,gaussian_copula,precision,0.2,0.9,0.0
5,gaussian_copula,precision,0.2,1.0,0.0
5,gaussian_copula,precision,0.3,0.2,0.83
5,gaussian_copula,precision,0.3,0.3,0.88
5,gaussian_copula,precision,0.3,0.4,0.8
5,gaussian_copula,precision,0.3,0.5,0.85
5,gaussian_copula,precision,0.3,0.6,0.81
5,gaussian_copula,precision,0.3,0.7,0.83
5,gaussian_copula,precision,0.3,0.8,0.81
5,gaussian_copula,precision,0.3,0.9,0.81
5,gaussian_copula,precision,0.3,1.0,0.8
5,gaussian_copula,precision,0.4,0.2,0.76
5,gaussian_copula,precision,0.4,0.3,0.73
5,gaussian_copula,precision,0.4,0.4,0.74
5,gaussian_copula,precision,0.4,0.5,0.75
5,gaussian_copula,precision,0.4,0.6,0.74
5,gaussian_copula,precision,0.4,0.7,0.73
5,gaussian_copula,precision,0.4,0.8,0.73
5,gaussian_copula,precision,0.4,0.9,0.73
5,gaussian_copula,precision,0.4,1.0,0.73
5,gaussian_copula,accuracy,0.1,0.2,0.29
5,gaussian_copula,accuracy,0.1,0.3,0.32
5,gaussian_copula,accuracy,0.1,0.4,0.3
5,gaussian_copula,accuracy,0.1,0.5,0.3
5,gaussian_copula,accuracy,0.1,0.6,0.3
5,gaussian_copula,accuracy,0.1,0.7,0.3
5,gaussian_copula,accuracy,0.1,0.8,0.3
5,gaussian_copula,accuracy,0.1,0.9,0.3
5,gaussian_copula,accuracy,0.1,1.0,0.3
5,gaussian_copula,accuracy,0.2,0.2,0.29
5,gaussian_copula,accuracy,0.2,0.3,0.32
5,gaussian_copula,accuracy,0.2,0.4,0.3
5,gaussian_copula,accuracy,0.2,0.5,0.3
5,gaussian_copula,accuracy,0.2,0.6,0.3
5,gaussian_copula,accuracy,0.2,0.7,0.3
5,gaussian_copula,accuracy,0.2,0.8,0.3
5,gaussian_copula,accuracy,0.2,0.9,0.3
5,gaussian_copula,accuracy,0.2,1.0,0.3
5,gaussian_copula,accuracy,0.3,0.2,0.34
5,gaussian_copula,accuracy,0.3,0.3,0.37
5,gaussian_copula,accuracy,0.3,0.4,0.34
5,gaussian_copula,accuracy,0.3,0.5,0.34
5,gaussian_copula,accuracy,0.3,0.6,0.34
5,gaussian_copula,accuracy,0.3,0.7,0.34
5,gaussian_copula,accuracy,0.3,0.8,0.34
5,gaussian_copula,accuracy,0.3,0.9,0.35
5,gaussian_copula,accuracy,0.3,1.0,0.35
5,gaussian_copula,accuracy,0.4,0.2,0.75
5,gaussian_copula,accuracy,0.4,0.3,0.72
5,gaussian_copula,accuracy,0.4,0.4,0.72
5,gaussian_copula,accuracy,0.4,0.5,0.73
5,gaussian_copula,accuracy,0.4,0.6,0.71
5,gaussian_copula,accuracy,0.4,0.7,0.71
5,gaussian_copula,accuracy,0.4,0.8,0.71
5,gaussian_copula,accuracy,0.4,0.9,0.71
5,gaussian_copula,accuracy,0.4,1.0,0.71
5,copula_gan,precision,0.1,0.2,0.0
5,copula_gan,precision,0.1,0.3,0.0
5,copula_gan,precision,0.1,0.4,0.0
5,copula_gan,precision,0.1,0.5,0.0
5,copula_gan,precision,0.1,0.6,0.0
5,copula_gan,precision,0.1,0.7,0.0
5,copula_gan,precision,0.1,0.8,0.0
5,copula_gan,precision,0.1,0.9,0.0
5,copula_gan,precision,0.1,1.0,0.0
5,copula_gan,precision,0.2,0.2,0.0
5,copula_gan,precision,0.2,0.3,0.0
5,copula_gan,precision,0.2,0.4,0.0
5,copula_gan,precision,0.2,0.5,0.0
5,copula_gan,precision,0.2,0.6,0.0
5,copula_gan,precision,0.2,0.7,0.0
5,copula_gan,precision,0.2,0.8,0.0
5,copula_gan,precision,0.2,0.9,0.0
5,copula_gan,precision,0.2,1.0,0.0
5,copula_gan,precision,0.3,0.2,1.0
5,copula_gan,precision,0.3,0.3,1.0
5,copula_gan,precision,0.3,0.4,1.0
5,copula_gan,precision,0.3,0.5,0.92
5,copula_gan,precision,0.3,0.6,0.93
5,copula_gan,precision,0.3,0.7,0.94
5,copula_gan,precision,0.3,0.8,0.94
5,copula_gan,precision,0.3,0.9,0.94
5,copula_gan,precision,0.3,1.0,0.91
5,copula_gan,precision,0.4,0.2,0.82
5,copula_gan,precision,0.4,0.3,0.77
5,copula_gan,precision,0.4,0.4,0.77
5,copula_gan,precision,0.4,0.5,0.77
5,copula_gan,precision,0.4,0.6,0.76
5,copula_gan,precision,0.4,0.7,0.75
5,copula_gan,precision,0.4,0.8,0.75
5,copula_gan,precision,0.4,0.9,0.75
5,copula_gan,precision,0.4,1.0,0.76
5,copula_gan,accuracy,0.1,0.2,0.29
5,copula_gan,accuracy,0.1,0.3,0.32
5,copula_gan,accuracy,0.1,0.4,0.3
5,copula_gan,accuracy,0.1,0.5,0.3
5,copula_gan,accuracy,0.1,0.6,0.3
5,copula_gan,accuracy,0.1,0.7,0.3
5,copula_gan,accuracy,0.1,0.8,0.3
5,copula_gan,accuracy,0.1,0.9,0.3
5,copula_gan,accuracy,0.1,1.0,0.3
5,copula_gan,accuracy,0.2,0.2,0.29
5,copula_gan,accuracy,0.2,0.3,0.32
5,copula_gan,accuracy,0.2,0.4,0.3
5,copula_gan,accuracy,0.2,0.5,0.3
5,copula_gan,accuracy,0.2,0.6,0.3
5,copula_gan,accuracy,0.2,0.7,0.3
5,copula_gan,accuracy,0.2,0.8,0.3
5,copula_gan,accuracy,0.2,0.9,0.3
5,copula_gan,accuracy,0.2,1.0,0.3
5,copula_gan,accuracy,0.3,0.2,0.34
5,copula_gan,accuracy,0.3,0.3,0.36
5,copula_gan,accuracy,0.3,0.4,0.36
5,copula_gan,accuracy,0.3,0.5,0.35
5,copula_gan,accuracy,0.3,0.6,0.35
5,copula_gan,accuracy,0.3,0.7,0.35
5,copula_gan,accuracy,0.3,0.8,0.34
5,copula_gan,accuracy,0.3,0.9,0.35
5,copula_gan,accuracy,0.3,1.0,0.35
5,copula_gan,accuracy,0.4,0.2,0.81
5,copula_gan,accuracy,0.4,0.3,0.76
5,copula_gan,accuracy,0.4,0.4,0.75
5,copula_gan,accuracy,0.4,0.5,0.74
5,copula_gan,accuracy,0.4,0.6,0.72
5,copula_gan,accuracy,0.4,0.7,0.71
5,copula_gan,accuracy,0.4,0.8,0.71
5,copula_gan,accuracy,0.4,0.9,0.72
5,copula_gan,accuracy,0.4,1.0,0.72
5,ctgan,precision,0.1,0.2,0.0
5,ctgan,precision,0.1,0.3,0.0
5,ctgan,precision,0.1,0.4,0.0
5,ctgan,precision,0.1,0.5,0.0
5,ctgan,precision,0.1,0.6,0.0
5,ctgan,precision,0.1,0.7,0.0
5,ctgan,precision,0.1,0.8,0.0
5,ctgan,precision,0.1,0.9,0.0
5,ctgan,precision,0.1,1.0,0.0
5,ctgan,precision,0.2,0.2,0.0
5,ctgan,precision,0.2,0.3,0.0
5,ctgan,precision,0.2,0.4,0.0
5,ctgan,precision,0.2,0.5,0.0
5,ctgan,precision,0.2,0.6,0.0
5,ctgan,precision,0.2,0.7,0.0
5,ctgan,precision,0.2,0.8,0.0
5,ctgan,precision,0.2,0.9,0.0
5,ctgan,precision,0.2,1.0,0.0
5,ctgan,precision,0.3,0.2,1.0
5,ctgan,precision,0.3,0.3,1.0
5,ctgan,precision,0.3,0.4,1.0
5,ctgan,precision,0.3,0.5,0.83
5,ctgan,precision,0.3,0.6,0.75
5,ctgan,precision,0.3,0.7,0.78
5,ctgan,precision,0.3,0.8,0.8
5,ctgan,precision,0.3,0.9,0.8
5,ctgan,precision,0.3,1.0,0.8
5,ctgan,precision,0.4,0.2,0.81
5,ctgan,precision,0.4,0.3,0.79
5,ctgan,precision,0.4,0.4,0.79
5,ctgan,precision,0.4,0.5,0.79
5,ctgan,precision,0.4,0.6,0.77
5,ctgan,precision,0.4,0.7,0.77
5,ctgan,precision,0.4,0.8,0.76
5,ctgan,precision,0.4,0.9,0.75
5,ctgan,precision,0.4,1.0,0.76
5,ctgan,accuracy,0.1,0.2,0.29
5,ctgan,accuracy,0.1,0.3,0.32
5,ctgan,accuracy,0.1,0.4,0.3
5,ctgan,accuracy,0.1,0.5,0.3
5,ctgan,accuracy,0.1,0.6,0.3
5,ctgan,accuracy,0.1,0.7,0.3
5,ctgan,accuracy,0.1,0.8,0.3
5,ctgan,accuracy,0.1,0.9,0.3
5,ctgan,accuracy,0.1,1.0,0.3
5,ctgan,accuracy,0.2,0.2,0.29
5,ctgan,accuracy,0.2,0.3,0.32
5,ctgan,accuracy,0.2,0.4,0.3
5,ctgan,accuracy,0.2,0.5,0.3
5,ctgan,accuracy,0.2,0.6,0.3
5,ctgan,accuracy,0.2,0.7,0.3
5,ctgan,accuracy,0.2,0.8,0.3
5,ctgan,accuracy,0.2,0.9,0.3
5,ctgan,accuracy,0.2,1.0,0.3
5,ctgan,accuracy,0.3,0.2,0.33
5,ctgan,accuracy,0.3,0.3,0.35
5,ctgan,accuracy,0.3,0.4,0.34
5,ctgan,accuracy,0.3,0.5,0.32
5,ctgan,accuracy,0.3,0.6,0.32
5,ctgan,accuracy,0.3,0.7,0.32
5,ctgan,accuracy,0.3,0.8,0.32
5,ctgan,accuracy,0.3,0.9,0.32
5,ctgan,accuracy,0.3,1.0,0.32
5,ctgan,accuracy,0.4,0.2,0.76
5,ctgan,accuracy,0.4,0.3,0.74
5,ctgan,accuracy,0.4,0.4,0.74
5,ctgan,accuracy,0.4,0.5,0.73
5,ctgan,accuracy,0.4,0.6,0.72
5,ctgan,accuracy,0.4,0.7,0.71
5,ctgan,accuracy,0.4,0.8,0.71
5,ctgan,accuracy,0.4,0.9,0.7
5,ctgan,accuracy,0.4,1.0,0.71
4,synthpop,precision,0.1,0.2,0.66
4,synthpop,precision,0.1,0.3,0.66
4,synthpop,precision,0.1,0.4,0.66
4,synthpop,precision,0.1,0.5,0.66
4,synthpop,precision,0.1,0.6,0.67
4,synthpop,precision,0.1,0.7,0.67
4,synthpop,precision,0.1,0.8,0.67
4,synthpop,precision,0.1,0.9,0.67
4,synthpop,precision,0.1,1.0,0.67
4,synthpop,precision,0.2,0.2,0.69
4,synthpop,precision,0.2,0.3,0.69
4,synthpop,precision,0.2,0.4,0.69
4,synthpop,precision,0.2,0.5,0.69
4,synthpop,precision,0.2,0.6,0.69
4,synthpop,precision,0.2,0.7,0.69
4,synthpop,precision,0.2,0.8,0.69
4,synthpop,precision,0.2,0.9,0.69
4,synthpop,precision,0.2,1.0,0.69
4,synthpop,precision,0.3,0.2,0.7
4,synthpop,precision,0.3,0.3,0.7
4,synthpop,precision,0.3,0.4,0.7
4,synthpop,precision,0.3,0.5,0.7
4,synthpop,precision,0.3,0.6,0.7
4,synthpop,precision,0.3,0.7,0.7
4,synthpop,precision,0.3,0.8,0.7
4,synthpop,precision,0.3,0.9,0.7
4,synthpop,precision,0.3,1.0,0.7
4,synthpop,precision,0.4,0.2,0.7
4,synthpop,precision,0.4,0.3,0.7
4,synthpop,precision,0.4,0.4,0.7
4,synthpop,precision,0.4,0.5,0.7
4,synthpop,precision,0.4,0.6,0.7
4,synthpop,precision,0.4,0.7,0.7
4,synthpop,precision,0.4,0.8,0.7
4,synthpop,precision,0.4,0.9,0.7
4,synthpop,precision,0.4,1.0,0.7
4,synthpop,accuracy,0.1,0.2,0.34
4,synthpop,accuracy,0.1,0.3,0.34
4,synthpop,accuracy,0.1,0.4,0.35
4,synthpop,accuracy,0.1,0.5,0.36
4,synthpop,accuracy,0.1,0.6,0.36
4,synthpop,accuracy,0.1,0.7,0.36
4,synthpop,accuracy,0.1,0.8,0.36
4,synthpop,accuracy,0.1,0.9,0.36
4,synthpop,accuracy,0.1,1.0,0.36
4,synthpop,accuracy,0.2,0.2,0.59
4,synthpop,accuracy,0.2,0.3,0.59
4,synthpop,accuracy,0.2,0.4,0.59
4,synthpop,accuracy,0.2,0.5,0.6
4,synthpop,accuracy,0.2,0.6,0.6
4,synthpop,accuracy,0.2,0.7,0.6
4,synthpop,accuracy,0.2,0.8,0.6
4,synthpop,accuracy,0.2,0.9,0.6
4,synthpop,accuracy,0.2,1.0,0.6
4,synthpop,accuracy,0.3,0.2,0.69
4,synthpop,accuracy,0.3,0.3,0.69
4,synthpop,accuracy,0.3,0.4,0.69
4,synthpop,accuracy,0.3,0.5,0.69
4,synthpop,accuracy,0.3,0.6,0.7
4,synthpop,accuracy,0.3,0.7,0.7
4,synthpop,accuracy,0.3,0.8,0.7
4,synthpop,accuracy,0.3,0.9,0.7
4,synthpop,accuracy,0.3,1.0,0.69
4,synthpop,accuracy,0.4,0.2,0.7
4,synthpop,accuracy,0.4,0.3,0.7
4,synthpop,accuracy,0.4,0.4,0.7
4,synthpop,accuracy,0.4,0.5,0.7
4,synthpop,accuracy,0.4,0.6,0.7
4,synthpop,accuracy,0.4,0.7,0.7
4,synthpop,accuracy,0.4,0.8,0.7
4,synthpop,accuracy,0.4,0.9,0.7
4,synthpop,accuracy,0.4,1.0,0.7
4,ds,precision,0.1,0.2,0.9
4,ds,precision,0.1,0.3,0.89
4,ds,precision,0.1,0.4,0.84
4,ds,precision,0.1,0.5,0.85
4,ds,precision,0.1,0.6,0.8
4,ds,precision,0.1,0.7,0.75
4,ds,precision,0.1,0.8,0.74
4,ds,precision,0.1,0.9,0.71
4,ds,precision,0.1,1.0,0.72
4,ds,precision,0.2,0.2,0.7
4,ds,precision,0.2,0.3,0.69
4,ds,precision,0.2,0.4,0.69
4,ds,precision,0.2,0.5,0.69
4,ds,precision,0.2,0.6,0.69
4,ds,precision,0.2,0.7,0.68
4,ds,precision,0.2,0.8,0.68
4,ds,precision,0.2,0.9,0.68
4,ds,precision,0.2,1.0,0.68
4,ds,precision,0.3,0.2,0.7
4,ds,precision,0.3,0.3,0.7
4,ds,precision,0.3,0.4,0.7
4,ds,precision,0.3,0.5,0.7
4,ds,precision,0.3,0.6,0.7
4,ds,precision,0.3,0.7,0.7
4,ds,precision,0.3,0.8,0.7
4,ds,precision,0.3,0.9,0.7
4,ds,precision,0.3,1.0,0.7
4,ds,precision,0.4,0.2,0.7
4,ds,precision,0.4,0.3,0.7
4,ds,precision,0.4,0.4,0.7
4,ds,precision,0.4,0.5,0.7
4,ds,precision,0.4,0.6,0.7
4,ds,precision,0.4,0.7,0.7
4,ds,precision,0.4,0.8,0.7
4,ds,precision,0.4,0.9,0.7
4,ds,precision,0.4,1.0,0.7
4,ds,accuracy,0.1,0.2,0.3
4,ds,accuracy,0.1,0.3,0.3
4,ds,accuracy,0.1,0.4,0.3
4,ds,accuracy,0.1,0.5,0.3
4,ds,accuracy,0.1,0.6,0.3
4,ds,accuracy,0.1,0.7,0.3
4,ds,accuracy,0.1,0.8,0.3
4,ds,accuracy,0.1,0.9,0.3
4,ds,accuracy,0.1,1.0,0.3
4,ds,accuracy,0.2,0.2,0.4
4,ds,accuracy,0.2,0.3,0.39
4,ds,accuracy,0.2,0.4,0.39
4,ds,accuracy,0.2,0.5,0.39
4,ds,accuracy,0.2,0.6,0.39
4,ds,accuracy,0.2,0.7,0.39
4,ds,accuracy,0.2,0.8,0.39
4,ds,accuracy,0.2,0.9,0.39
4,ds,accuracy,0.2,1.0,0.39
4,ds,accuracy,0.3,0.2,0.65
4,ds,accuracy,0.3,0.3,0.65
4,ds,accuracy,0.3,0.4,0.65
4,ds,accuracy,0.3,0.5,0.65
4,ds,accuracy,0.3,0.6,0.66
4,ds,accuracy,0.3,0.7,0.66
4,ds,accuracy,0.3,0.8,0.66
4,ds,accuracy,0.3,0.9,0.66
4,ds,accuracy,0.3,1.0,0.66
4,ds,accuracy,0.4,0.2,0.7
4,ds,accuracy,0.4,0.3,0.7
4,ds,accuracy,0.4,0.4,0.7
4,ds,accuracy,0.4,0.5,0.7
4,ds,accuracy,0.4,0.6,0.7
4,ds,accuracy,0.4,0.7,0.7
4,ds,accuracy,0.4,0.8,0.7
4,ds,accuracy,0.4,0.9,0.7
4,ds,accuracy,0.4,1.0,0.7
4,tvae,precision,0.1,0.2,0.77
4,tvae,precision,0.1,0.3,0.77
4,tvae,precision,0.1,0.4,0.76
4,tvae,precision,0.1,0.5,0.77
4,tvae,precision,0.1,0.6,0.77
4,tvae,precision,0.1,0.7,0.77
4,tvae,precision,0.1,0.8,0.77
4,tvae,precision,0.1,0.9,0.76
4,tvae,precision,0.1,1.0,0.76
4,tvae,precision,0.2,0.2,0.74
4,tvae,precision,0.2,0.3,0.74
4,tvae,precision,0.2,0.4,0.74
4,tvae,precision,0.2,0.5,0.74
4,tvae,precision,0.2,0.6,0.74
4,tvae,precision,0.2,0.7,0.74
4,tvae,precision,0.2,0.8,0.74
4,tvae,precision,0.2,0.9,0.74
4,tvae,precision,0.2,1.0,0.74
4,tvae,precision,0.3,0.2,0.71
4,tvae,precision,0.3,0.3,0.71
4,tvae,precision,0.3,0.4,0.71
4,tvae,precision,0.3,0.5,0.71
4,tvae,precision,0.3,0.6,0.71
4,tvae,precision,0.3,0.7,0.71
4,tvae,precision,0.3,0.8,0.71
4,tvae,precision,0.3,0.9,0.71
4,tvae,precision,0.3,1.0,0.71
4,tvae,precision,0.4,0.2,0.7
4,tvae,precision,0.4,0.3,0.7
4,tvae,precision,0.4,0.4,0.7
4,tvae,precision,0.4,0.5,0.7
4,tvae,precision,0.4,0.6,0.7
4,tvae,precision,0.4,0.7,0.7
4,tvae,precision,0.4,0.8,0.7
4,tvae,precision,0.4,0.9,0.7
4,tvae,precision,0.4,1.0,0.7
4,tvae,accuracy,0.1,0.2,0.36
4,tvae,accuracy,0.1,0.3,0.35
4,tvae,accuracy,0.1,0.4,0.35
4,tvae,accuracy,0.1,0.5,0.35
4,tvae,accuracy,0.1,0.6,0.35
4,tvae,accuracy,0.1,0.7,0.35
4,tvae,accuracy,0.1,0.8,0.35
4,tvae,accuracy,0.1,0.9,0.35
4,tvae,accuracy,0.1,1.0,0.35
4,tvae,accuracy,0.2,0.2,0.6
4,tvae,accuracy,0.2,0.3,0.59
4,tvae,accuracy,0.2,0.4,0.59
4,tvae,accuracy,0.2,0.5,0.59
4,tvae,accuracy,0.2,0.6,0.59
4,tvae,accuracy,0.2,0.7,0.59
4,tvae,accuracy,0.2,0.8,0.59
4,tvae,accuracy,0.2,0.9,0.59
4,tvae,accuracy,0.2,1.0,0.59
4,tvae,accuracy,0.3,0.2,0.69
4,tvae,accuracy,0.3,0.3,0.69
4,tvae,accuracy,0.3,0.4,0.69
4,tvae,accuracy,0.3,0.5,0.69
4,tvae,accuracy,0.3,0.6,0.69
4,tvae,accuracy,0.3,0.7,0.69
4,tvae,accuracy,0.3,0.8,0.69
4,tvae,accuracy,0.3,0.9,0.69
4,tvae,accuracy,0.3,1.0,0.69
4,tvae,accuracy,0.4,0.2,0.7
4,tvae,accuracy,0.4,0.3,0.7
4,tvae,accuracy,0.4,0.4,0.7
4,tvae,accuracy,0.4,0.5,0.7
4,tvae,accuracy,0.4,0.6,0.7
4,tvae,accuracy,0.4,0.7,0.7
4,tvae,accuracy,0.4,0.8,0.7
4,tvae,accuracy,0.4,0.9,0.7
4,tvae,accuracy,0.4,1.0,0.7
4,gaussian_copula,precision,0.1,0.2,0.78
4,gaussian_copula,precision,0.1,0.3,0.83
4,gaussian_copula,precision,0.1,0.4,0.8
4,gaussian_copula,precision,0.1,0.5,0.81
4,gaussian_copula,precision,0.1,0.6,0.79
4,gaussian_copula,precision,0.1,0.7,0.74
4,gaussian_copula,precision,0.1,0.8,0.74
4,gaussian_copula,precision,0.1,0.9,0.71
4,gaussian_copula,precision,0.1,1.0,0.68
4,gaussian_copula,precision,0.2,0.2,0.65
4,gaussian_copula,precision,0.2,0.3,0.65
4,gaussian_copula,precision,0.2,0.4,0.65
4,gaussian_copula,precision,0.2,0.5,0.66
4,gaussian_copula,precision,0.2,0.6,0.66
4,gaussian_copula,precision,0.2,0.7,0.66
4,gaussian_copula,precision,0.2,0.8,0.66
4,gaussian_copula,precision,0.2,0.9,0.66
4,gaussian_copula,precision,0.2,1.0,0.65
4,gaussian_copula,precision,0.3,0.2,0.69
4,gaussian_copula,precision,0.3,0.3,0.7
4,gaussian_copula,precision,0.3,0.4,0.7
4,gaussian_copula,precision,0.3,0.5,0.7
4,gaussian_copula,precision,0.3,0.6,0.7
4,gaussian_copula,precision,0.3,0.7,0.7
4,gaussian_copula,precision,0.3,0.8,0.7
4,gaussian_copula,precision,0.3,0.9,0.7
4,gaussian_copula,precision,0.3,1.0,0.7
4,gaussian_copula,precision,0.4,0.2,0.7
4,gaussian_copula,precision,0.4,0.3,0.7
4,gaussian_copula,precision,0.4,0.4,0.7
4,gaussian_copula,precision,0.4,0.5,0.7
4,gaussian_copula,precision,0.4,0.6,0.7
4,gaussian_copula,precision,0.4,0.7,0.7
4,gaussian_copula,precision,0.4,0.8,0.7
4,gaussian_copula,precision,0.4,0.9,0.7
4,gaussian_copula,precision,0.4,1.0,0.7
4,gaussian_copula,accuracy,0.1,0.2,0.3
4,gaussian_copula,accuracy,0.1,0.3,0.3
4,gaussian_copula,accuracy,0.1,0.4,0.3
4,gaussian_copula,accuracy,0.1,0.5,0.3
4,gaussian_copula,accuracy,0.1,0.6,0.3
4,gaussian_copula,accuracy,0.1,0.7,0.3
4,gaussian_copula,accuracy,0.1,0.8,0.3
4,gaussian_copula,accuracy,0.1,0.9,0.3
4,gaussian_copula,accuracy,0.1,1.0,0.3
4,gaussian_copula,accuracy,0.2,0.2,0.37
4,gaussian_copula,accuracy,0.2,0.3,0.36
4,gaussian_copula,accuracy,0.2,0.4,0.37
4,gaussian_copula,accuracy,0.2,0.5,0.37
4,gaussian_copula,accuracy,0.2,0.6,0.37
4,gaussian_copula,accuracy,0.2,0.7,0.37
4,gaussian_copula,accuracy,0.2,0.8,0.37
4,gaussian_copula,accuracy,0.2,0.9,0.37
4,gaussian_copula,accuracy,0.2,1.0,0.37
4,gaussian_copula,accuracy,0.3,0.2,0.65
4,gaussian_copula,accuracy,0.3,0.3,0.65
4,gaussian_copula,accuracy,0.3,0.4,0.65
4,gaussian_copula,accuracy,0.3,0.5,0.65
4,gaussian_copula,accuracy,0.3,0.6,0.65
4,gaussian_copula,accuracy,0.3,0.7,0.65
4,gaussian_copula,accuracy,0.3,0.8,0.65
4,gaussian_copula,accuracy,0.3,0.9,0.65
4,gaussian_copula,accuracy,0.3,1.0,0.65
4,gaussian_copula,accuracy,0.4,0.2,0.7
4,gaussian_copula,accuracy,0.4,0.3,0.7
4,gaussian_copula,accuracy,0.4,0.4,0.7
4,gaussian_copula,accuracy,0.4,0.5,0.7
4,gaussian_copula,accuracy,0.4,0.6,0.7
4,gaussian_copula,accuracy,0.4,0.7,0.7
4,gaussian_copula,accuracy,0.4,0.8,0.7
4,gaussian_copula,accuracy,0.4,0.9,0.7
4,gaussian_copula,accuracy,0.4,1.0,0.7
4,copula_gan,precision,0.1,0.2,0.68
4,copula_gan,precision,0.1,0.3,0.69
4,copula_gan,precision,0.1,0.4,0.69
4,copula_gan,precision,0.1,0.5,0.69
4,copula_gan,precision,0.1,0.6,0.69
4,copula_gan,precision,0.1,0.7,0.69
4,copula_gan,precision,0.1,0.8,0.69
4,copula_gan,precision,0.1,0.9,0.68
4,copula_gan,precision,0.1,1.0,0.68
4,copula_gan,precision,0.2,0.2,0.72
4,copula_gan,precision,0.2,0.3,0.73
4,copula_gan,precision,0.2,0.4,0.72
4,copula_gan,precision,0.2,0.5,0.72
4,copula_gan,precision,0.2,0.6,0.72
4,copula_gan,precision,0.2,0.7,0.72
4,copula_gan,precision,0.2,0.8,0.72
4,copula_gan,precision,0.2,0.9,0.72
4,copula_gan,precision,0.2,1.0,0.72
4,copula_gan,precision,0.3,0.2,0.7
4,copula_gan,precision,0.3,0.3,0.7
4,copula_gan,precision,0.3,0.4,0.7
4,copula_gan,precision,0.3,0.5,0.7
4,copula_gan,precision,0.3,0.6,0.7
4,copula_gan,precision,0.3,0.7,0.7
4,copula_gan,precision,0.3,0.8,0.7
4,copula_gan,precision,0.3,0.9,0.7
4,copula_gan,precision,0.3,1.0,0.7
4,copula_gan,precision,0.4,0.2,0.7
4,copula_gan,precision,0.4,0.3,0.7
4,copula_gan,precision,0.4,0.4,0.7
4,copula_gan,precision,0.4,0.5,0.7
4,copula_gan,precision,0.4,0.6,0.7
4,copula_gan,precision,0.4,0.7,0.7
4,copula_gan,precision,0.4,0.8,0.7
4,copula_gan,precision,0.4,0.9,0.7
4,copula_gan,precision,0.4,1.0,0.7
4,copula_gan,accuracy,0.1,0.2,0.34
4,copula_gan,accuracy,0.1,0.3,0.33
4,copula_gan,accuracy,0.1,0.4,0.34
4,copula_gan,accuracy,0.1,0.5,0.34
4,copula_gan,accuracy,0.1,0.6,0.33
4,copula_gan,accuracy,0.1,0.7,0.33
4,copula_gan,accuracy,0.1,0.8,0.33
4,copula_gan,accuracy,0.1,0.9,0.33
4,copula_gan,accuracy,0.1,1.0,0.33
4,copula_gan,accuracy,0.2,0.2,0.56
4,copula_gan,accuracy,0.2,0.3,0.56
4,copula_gan,accuracy,0.2,0.4,0.56
4,copula_gan,accuracy,0.2,0.5,0.56
4,copula_gan,accuracy,0.2,0.6,0.56
4,copula_gan,accuracy,0.2,0.7,0.56
4,copula_gan,accuracy,0.2,0.8,0.56
4,copula_gan,accuracy,0.2,0.9,0.56
4,copula_gan,accuracy,0.2,1.0,0.56
4,copula_gan,accuracy,0.3,0.2,0.67
4,copula_gan,accuracy,0.3,0.3,0.68
4,copula_gan,accuracy,0.3,0.4,0.68
4,copula_gan,accuracy,0.3,0.5,0.68
4,copula_gan,accuracy,0.3,0.6,0.69
4,copula_gan,accuracy,0.3,0.7,0.69
4,copula_gan,accuracy,0.3,0.8,0.69
4,copula_gan,accuracy,0.3,0.9,0.68
4,copula_gan,accuracy,0.3,1.0,0.68
4,copula_gan,accuracy,0.4,0.2,0.7
4,copula_gan,accuracy,0.4,0.3,0.7
4,copula_gan,accuracy,0.4,0.4,0.7
4,copula_gan,accuracy,0.4,0.5,0.7
4,copula_gan,accuracy,0.4,0.6,0.7
4,copula_gan,accuracy,0.4,0.7,0.7
4,copula_gan,accuracy,0.4,0.8,0.7
4,copula_gan,accuracy,0.4,0.9,0.7
4,copula_gan,accuracy,0.4,1.0,0.7
4,ctgan,precision,0.1,0.2,0.6
4,ctgan,precision,0.1,0.3,0.6
4,ctgan,precision,0.1,0.4,0.59
4,ctgan,precision,0.1,0.5,0.58
4,ctgan,precision,0.1,0.6,0.59
4,ctgan,precision,0.1,0.7,0.6
4,ctgan,precision,0.1,0.8,0.6
4,ctgan,precision,0.1,0.9,0.6
4,ctgan,precision,0.1,1.0,0.6
4,ctgan,precision,0.2,0.2,0.67
4,ctgan,precision,0.2,0.3,0.67
4,ctgan,precision,0.2,0.4,0.67
4,ctgan,precision,0.2,0.5,0.67
4,ctgan,precision,0.2,0.6,0.67
4,ctgan,precision,0.2,0.7,0.67
4,ctgan,precision,0.2,0.8,0.67
4,ctgan,precision,0.2,0.9,0.66
4,ctgan,precision,0.2,1.0,0.66
4,ctgan,precision,0.3,0.2,0.69
4,ctgan,precision,0.3,0.3,0.7
4,ctgan,precision,0.3,0.4,0.7
4,ctgan,precision,0.3,0.5,0.7
4,ctgan,precision,0.3,0.6,0.7
4,ctgan,precision,0.3,0.7,0.7
4,ctgan,precision,0.3,0.8,0.7
4,ctgan,precision,0.3,0.9,0.7
4,ctgan,precision,0.3,1.0,0.7
4,ctgan,precision,0.4,0.2,0.7
4,ctgan,precision,0.4,0.3,0.7
4,ctgan,precision,0.4,0.4,0.7
4,ctgan,precision,0.4,0.5,0.7
4,ctgan,precision,0.4,0.6,0.7
4,ctgan,precision,0.4,0.7,0.7
4,ctgan,precision,0.4,0.8,0.7
4,ctgan,precision,0.4,0.9,0.7
4,ctgan,precision,0.4,1.0,0.7
4,ctgan,accuracy,0.1,0.2,0.32
4,ctgan,accuracy,0.1,0.3,0.32
4,ctgan,accuracy,0.1,0.4,0.32
4,ctgan,accuracy,0.1,0.5,0.32
4,ctgan,accuracy,0.1,0.6,0.32
4,ctgan,accuracy,0.1,0.7,0.32
4,ctgan,accuracy,0.1,0.8,0.32
4,ctgan,accuracy,0.1,0.9,0.32
4,ctgan,accuracy,0.1,1.0,0.32
4,ctgan,accuracy,0.2,0.2,0.52
4,ctgan,accuracy,0.2,0.3,0.52
4,ctgan,accuracy,0.2,0.4,0.52
4,ctgan,accuracy,0.2,0.5,0.52
4,ctgan,accuracy,0.2,0.6,0.52
4,ctgan,accuracy,0.2,0.7,0.52
4,ctgan,accuracy,0.2,0.8,0.52
4,ctgan,accuracy,0.2,0.9,0.52
4,ctgan,accuracy,0.2,1.0,0.52
4,ctgan,accuracy,0.3,0.2,0.68
4,ctgan,accuracy,0.3,0.3,0.68
4,ctgan,accuracy,0.3,0.4,0.68
4,ctgan,accuracy,0.3,0.5,0.68
4,ctgan,accuracy,0.3,0.6,0.68
4,ctgan,accuracy,0.3,0.7,0.68
4,ctgan,accuracy,0.3,0.8,0.68
4,ctgan,accuracy,0.3,0.9,0.68
4,ctgan,accuracy,0.3,1.0,0.68
4,ctgan,accuracy,0.4,0.2,0.7
4,ctgan,accuracy,0.4,0.3,0.7
4,ctgan,accuracy,0.4,0.4,0.7
4,ctgan,accuracy,0.4,0.5,0.7
4,ctgan,accuracy,0.4,0.6,0.7
4,ctgan,accuracy,0.4,0.7,0.7
4,ctgan,accuracy,0.4,0.8,0.7
4,ctgan,accuracy,0.4,0.9,0.7
4,ctgan,accuracy,0.4,1.0,0.7
